apartment_condition,rooms,bathroom,total_floors,floor,region,city,sector,street,area,price_per_sqm,floor_ratio,has_balcony,has_living,building_type_Kомбинированный,building_type_Kотельцовый,building_type_Mонолитный,building_type_Бетон,building_type_Блочный,building_type_Панельный,building_type_Ячеистый Бетон,housing_stock_Новострой,author_Банк,author_Застройщик,author_Частное лицо,parcing_space_Гараж,parcing_space_Под навесом,parcing_space_Подземная,latitude,longitude,distance_to_sector_center
0.0,1.0,1,12,5.0,Кишинёв мун.,Кишинёв,Ботаника,Cetatea Albă nr 11/G Noua,39,1282.051282051282,0.4166666666666667,1,0,0,0,0,0,0,0,1,1,0,0,1,0,0,0,46.988,28.854,0.0
4.0,1.0,,10,9.0,Кишинёв мун.,Кишинёв,Ботаника,str. Burebista 25,43,2534.8837209302324,0.9,0,0,0,0,0,0,0,0,0,1,0,0,0,0,0,0,47.0310499,28.7697398,7983.128448161052
4.0,2.0,1,5,4.0,Кишинёв мун.,Кишинёв,Буюканы,str. Suceava 110,72,1763.888888888889,0.8,1,1,0,1,0,0,0,0,0,0,0,0,0,0,0,0,47.0316684,28.7893797,1315.3197572766778
4.0,3.0,1,2,2.0,Кишинёв мун.,Кишинёв,Центр,ул. Поштей 92,90,921.1111111111111,1.0,1,1,0,1,0,0,0,0,0,0,0,0,1,0,0,0,47.0463405,28.8344004,2490.802113823216
4.0,2.0,2,9,7.0,Кишинёв мун.,Кишинёв,Старая Почта,ул. Каля Орхеюлуй 105/2,56,2051.785714285714,0.7777777777777778,1,1,0,0,0,0,0,0,0,0,0,0,0,0,0,0,47.061,28.806,0.0
,1.0,1,13,8.0,Кишинёв мун.,Кишинёв,Старая Почта,str. Socoleni 23,35,1900.0,0.6153846153846154,1,1,0,0,1,0,0,0,0,0,0,0,1,0,0,0,47.061,28.806,0.0
,3.0,,10,3.0,Кишинёв мун.,Кишинёв,Чокана,str. Nicolae Milescu Spătarul 1,80,1687.5,0.3,0,0,0,0,0,0,0,0,0,0,0,0,0,0,0,0,47.05255,28.8966357,1929.082889595869
0.0,2.0,2,10,8.0,Кишинёв мун.,Кишинёв,Телецентр,șos. Hâncești .,69,1695.5072463768115,0.8,1,1,0,0,0,0,0,0,0,1,0,0,0,0,0,0,46.9967639,28.8027341,1285.0065814663399
4.0,3.0,2,9,1.0,Кишинёв мун.,Кишинёв,Центр,Gradinilor .,75,1850.6666666666667,0.1111111111111111,1,0,0,0,0,0,0,0,0,0,0,0,0,0,0,0,47.024,28.832,0.0
3.0,3.0,2,11,9.0,Кишинёв мун.,Кишинёв,Буюканы,пр-т Алба Юлия 77/5,92,2054.3478260869565,0.8181818181818182,1,1,0,0,0,0,0,0,0,1,0,0,1,0,0,1,47.039,28.803,0.0
4.0,2.0,1,9,6.0,Кишинёв мун.,Кишинёв,Рышкановка,str. Dumitru Rîșcanu; .,65,2076.923076923077,0.6666666666666666,1,1,0,0,0,0,0,0,0,1,0,0,0,0,0,0,47.049,28.863,0.0
0.0,1.0,1,4,2.0,Кишинёв мун.,Кишинёв,Телецентр,str. Ialoveni 102,45,1234.9777777777779,0.5,1,1,0,0,0,0,0,0,0,1,0,1,0,0,0,1,47.0027204,28.7750151,3183.8960279034072
4.0,2.0,1,11,3.0,Кишинёв мун.,Кишинёв,Буюканы,пр-т Алба-Юлия .,51,2117.6470588235293,0.2727272727272727,0,0,0,0,0,0,0,0,0,1,0,0,0,0,0,0,47.039,28.803,0.0
4.0,1.0,1,10,7.0,Кишинёв мун.,Дурлешты,Центр,str. Nicolae Dimo 24,43,2090.6976744186045,0.7,0,0,0,0,0,0,0,0,0,1,0,1,0,0,0,0,47.019,28.763,0.0
0.0,3.0,2,14,13.0,Кишинёв мун.,Кишинёв,Старая Почта,ул. Язулуй 38,170,1650.0,0.9285714285714286,1,1,0,0,0,0,0,0,0,1,0,1,0,1,0,0,47.061,28.806,0.0
0.0,2.0,1,11,5.0,Кишинёв мун.,Кишинёв,Центр,str. Tecuci .,64,1609.375,0.45454545454545453,0,0,0,0,0,0,0,0,0,1,0,0,0,0,0,0,47.0099344,28.8532169,2243.5098655489937
0.0,2.0,2,10,2.0,Кишинёв мун.,Дурлешты,Центр,str. Nicolae Dimo .,66,1106.060606060606,0.2,1,0,0,0,0,0,0,0,0,1,0,0,0,0,0,0,47.0162235,28.7476527,1203.7400655706967
,3.0,2,9,8.0,Кишинёв мун.,Кишинёв,Центр,str. Mitropolitul Petru Movilă *,124,2137.0967741935483,0.8888888888888888,1,0,0,0,0,0,0,0,0,1,0,0,0,0,0,0,47.024,28.832,0.0
0.0,1.0,1,5,4.0,Кишинёв мун.,Кишинёв,Буюканы,str. Bisericii .,64,1550.0,0.8,1,1,0,0,0,0,0,0,0,1,0,0,0,0,0,0,47.039,28.803,0.0
0.0,3.0,2,12,12.0,Кишинёв мун.,Кишинёв,Телецентр,str. Ialoveni .,174,1264.367816091954,1.0,1,0,0,0,0,0,0,0,0,1,0,0,0,0,0,0,47.0003077,28.7794375,2864.1434422208563
0.0,1.0,1,5,4.0,Кишинёв мун.,Кишинёв,Буюканы,str-la Bisericii 1,55,1740.4545454545455,0.8,1,1,1,0,0,0,0,0,0,1,0,1,0,0,0,1,47.039,28.803,0.0
4.0,2.0,3,5,4.0,Кишинёв мун.,Кишинёв,Центр,ул. Василе Александри .,69,2681.159420289855,0.8,1,0,0,0,0,0,0,0,0,1,0,0,0,0,0,0,47.024,28.832,0.0
4.0,2.0,1,9,9.0,Кишинёв мун.,Кишинёв,Буюканы,ул. Ион Буздуган .,75,2793.3333333333335,1.0,1,1,0,0,0,0,0,0,0,1,0,0,0,0,0,0,47.039,28.803,0.0
4.0,1.0,1,11,4.0,Кишинёв мун.,Кишинёв,Телецентр,Ialoveni  .,53,2054.7169811320755,0.36363636363636365,0,1,0,0,0,0,0,0,0,1,0,0,0,0,0,0,47.003,28.817,0.0
4.0,2.0,1,4,4.0,Кишинёв мун.,Кишинёв,Ботаника,str. Nikolai Zelinski .,44,1863.6363636363637,1.0,1,0,0,0,0,0,0,0,0,0,0,0,0,0,0,0,46.988,28.854,0.0
,2.0,,5,3.0,Кишинёв мун.,Кишинёв,Ботаника,str. Nikolai Zelinski 5/1,48,2031.25,0.6,0,0,0,0,0,0,0,0,0,0,0,0,0,0,0,0,46.988,28.854,0.0
0.0,2.0,1,8,3.0,Кишинёв мун.,Кишинёв,Чокана,str. Nicolae Milescu Spatarul .,70,1785.7142857142858,0.375,1,1,0,0,0,0,0,0,0,1,0,0,0,0,0,0,47.0683481,28.8974532,3653.5117878766237
4.0,2.0,1,12,11.0,Кишинёв мун.,Кишинёв,Чокана,Mircea Cel Batran 14,80,2811.25,0.9166666666666666,0,1,0,0,0,0,0,0,0,1,0,0,0,0,0,0,47.036,28.889,0.0
4.0,1.0,1,9,1.0,Кишинёв мун.,Кишинёв,Буюканы,str. Liviu Deleanu .,54,1935.1851851851852,0.1111111111111111,0,1,0,0,0,0,0,0,0,1,0,0,0,0,0,0,47.039,28.803,0.0
4.0,2.0,1,5,4.0,Кишинёв мун.,Кишинёв,Ботаника,str. Trandafirilor .,46,2032.608695652174,0.8,1,0,0,0,0,0,0,0,0,0,0,0,0,0,0,0,46.988,28.854,0.0
,2.0,,16,5.0,Кишинёв мун.,Кишинёв,Рышкановка,str. Florilor 28/2,72,1909.7222222222222,0.3125,0,0,0,0,0,0,0,0,0,1,0,0,0,0,0,0,47.0581416,28.8607649,1030.5063668049115
4.0,1.0,1,9,8.0,Кишинёв мун.,Кишинёв,Ботаника,ул. Гренобле .,36,1638.888888888889,0.8888888888888888,0,0,0,0,0,0,0,0,0,0,0,0,0,0,0,0,46.9790038,28.8441651,1247.9044576825872
4.0,3.0,2,9,7.0,Кишинёв мун.,Кишинёв,Ботаника,bd. Traian .,72,1451.388888888889,0.7777777777777778,1,0,0,0,0,0,0,0,0,0,0,0,0,0,0,0,46.988,28.854,0.0
0.0,2.0,1,13,9.0,Кишинёв мун.,Дурлешты,Центр,str. Nicolae Dimo *,79,1137.9746835443038,0.6923076923076923,1,0,0,0,0,0,0,0,0,1,0,0,0,0,0,0,47.019,28.763,0.0
,2.0,1,10,7.0,Кишинёв мун.,Дурлешты,Центр,str. Nicolae Dimo 24a,47,916.0851063829788,0.7,1,0,0,0,0,0,0,0,0,1,0,1,0,0,0,0,47.0132668,28.7511952,1098.787581805104
0.0,1.0,1,14,13.0,Кишинёв мун.,Кишинёв,Старая Почта,str. Ceucari 14,47,1398.0,0.9285714285714286,1,0,0,0,0,0,0,0,0,1,0,1,0,0,0,0,47.061,28.806,0.0
4.0,1.0,1,6,6.0,Кишинёв мун.,Кишинёв,Ботаника,str. Valea Trandafirilor .,53,1400.0,1.0,1,1,0,0,0,0,0,0,0,0,0,0,0,0,0,0,46.988,28.854,0.0
4.0,1.0,1,6,6.0,Кишинёв мун.,Кишинёв,Ботаника,str. Nikolai Zelinski .,51,1470.5882352941176,1.0,1,1,0,0,0,0,0,0,0,0,0,0,0,0,0,0,46.988,28.854,0.0
4.0,1.0,1,9,2.0,Кишинёв мун.,Кишинёв,Буюканы,str. Ion Buzdugan 9,48,2604.1666666666665,0.2222222222222222,1,0,0,0,0,0,0,0,0,1,0,0,0,0,0,0,47.039,28.803,0.0
,1.0,,8,8.0,Кишинёв мун.,Кишинёв,Телецентр,str. Ialoveni 98/1,34,1735.2941176470588,1.0,0,0,0,0,0,0,0,0,0,1,0,1,0,0,0,0,47.0013294,28.7781318,2953.2890959087863
4.0,3.0,2,10,1.0,Кишинёв мун.,Кишинёв,Центр,str. Mihai Eminescu ,140,4642.857142857143,0.1,1,0,0,0,0,0,0,0,0,1,0,0,0,0,0,1,47.024,28.832,0.0
4.0,1.0,,9,4.0,Кишинёв мун.,Кишинёв,Буюканы,str. Ion Buzdugan 13,47,2691.4893617021276,0.4444444444444444,1,1,0,0,0,0,0,0,0,1,0,0,0,0,0,0,47.0386476,28.7597872,3274.88463606935
,2.0,,4,3.0,Кишинёв мун.,Кишинёв,Ботаника,str. Minsk -,46,1932.608695652174,0.75,0,0,0,0,0,0,0,0,0,0,0,0,0,0,0,0,46.988,28.854,0.0
4.0,1.0,1,6,1.0,Кишинёв мун.,Криково,Центр,str. Chişinău 62,48,2000.0,0.16666666666666666,0,1,0,1,0,0,0,0,0,1,0,0,0,0,0,0,,,
4.0,2.0,,10,2.0,Кишинёв мун.,Кишинёв,Буюканы,str. Nicolai Costin 68,47,2840.425531914894,0.2,0,1,0,0,0,0,0,0,0,1,0,1,0,0,0,0,47.039,28.803,0.0
4.0,2.0,2,10,3.0,Кишинёв мун.,Кишинёв,Ботаника,str. Hristo Botev 6,102,2352.9411764705883,0.3,1,1,1,0,0,0,0,0,0,1,0,0,1,0,0,0,46.9881356,28.8444556,724.1158877622267
4.0,2.0,1,9,8.0,Кишинёв мун.,Кишинёв,Буюканы,str. Nicolai Costin 65/3,54,2033.3333333333333,0.8888888888888888,1,1,0,0,0,0,0,0,0,0,0,1,0,0,0,0,47.039,28.803,0.0
,2.0,,9,7.0,Кишинёв мун.,Кишинёв,Буюканы,ул. Алба-Юлия 202/2,54,1459.2592592592594,0.7777777777777778,1,0,0,0,0,0,0,0,0,0,0,0,0,0,0,0,47.039,28.803,0.0
,2.0,,12,6.0,Кишинёв мун.,Кишинёв,Буюканы,пр-т Алба-Юлия 77/2,75,2493.3333333333335,0.5,0,0,0,0,0,0,0,0,0,1,0,0,0,0,0,0,47.039,28.803,0.0
,2.0,,5,3.0,Кишинёв мун.,Кишинёв,Буюканы,пр-т Алба-Юлия 17/A,83,2143.373493975904,0.6,0,0,0,0,0,0,0,0,0,1,0,0,0,0,0,0,47.039,28.803,0.0
4.0,2.0,,16,16.0,Кишинёв мун.,Кишинёв,Ботаника,str. Sarmizegetusa 23,80,1687.5,1.0,0,1,0,0,0,0,0,0,0,1,0,1,0,0,0,0,46.9905969,28.8702738,1267.692806641298
,3.0,,10,9.0,Кишинёв мун.,Кишинёв,Буюканы,str. Nicolai Costin ---,81,2345.679012345679,0.9,0,0,0,0,0,0,0,0,0,1,0,0,0,0,0,0,47.039,28.803,0.0
,3.0,2,12,10.0,Кишинёв мун.,Кишинёв,Ботаника,str. Grenoble -,68,1500.0,0.8333333333333334,0,0,0,0,0,0,0,0,0,1,0,0,0,0,0,0,46.9721193,28.8512015,1778.5697167990459
4.0,3.0,,14,11.0,Кишинёв мун.,Кишинёв,Ботаника,bd. Cuza Voda 23,69,1665.2173913043478,0.7857142857142857,0,0,0,0,0,0,0,0,0,0,0,0,0,0,0,0,46.988,28.854,0.0
0.0,2.0,,7,7.0,Кишинёв мун.,Кишинёв,Телецентр,str. Schinoasa-Vale 3,80,1450.0,1.0,1,1,0,0,0,0,0,0,0,1,0,1,0,0,0,1,46.988838,28.810077,1659.9654907431452
0.0,4.0,3,12,12.0,Кишинёв мун.,Кишинёв,Ботаника,str. Grenoble 134/3,159,1798.74213836478,1.0,1,0,0,0,0,0,0,0,0,1,0,0,0,0,0,1,46.9736166,28.8477059,1669.1153152274599
4.0,2.0,1,11,10.0,Кишинёв мун.,Кишинёв,Телецентр,str. Ialoveni 102,63,2000.0,0.9090909090909091,0,1,0,0,0,0,0,0,0,1,0,0,0,0,0,1,47.0027204,28.7750151,3183.8960279034072
0.0,1.0,1,15,9.0,Кишинёв мун.,Дурлешты,Центр,str. Nicolae Dimo .,53,1198.1132075471698,0.6,1,1,0,0,0,0,0,0,0,1,0,0,0,0,0,1,47.0162235,28.7476527,1203.7400655706967
0.0,1.0,1,9,5.0,Кишинёв мун.,Кишинёв,Телецентр,șos. Hâncești .,52,1287.5,0.5555555555555556,1,1,0,0,0,0,0,0,0,1,0,0,0,0,0,0,46.9967639,28.8027341,1285.0065814663399
0.0,2.0,2,10,5.0,Кишинёв мун.,Кишинёв,Чокана,str. Vadul lui Vodă 34,62,1691.9354838709678,0.5,1,1,0,0,0,0,0,0,0,1,0,0,0,0,0,1,47.036,28.889,0.0
4.0,2.0,1,9,7.0,Кишинёв мун.,Дурлешты,Центр,str. Ialoveni 136/A,53,2265.2830188679245,0.7777777777777778,0,0,0,0,0,0,0,0,0,1,0,0,0,0,0,1,47.019,28.763,0.0
0.0,2.0,1,11,8.0,Кишинёв мун.,Кишинёв,Телецентр,șos. Hâncești 140/1,63,1360.3174603174602,0.7272727272727273,1,1,0,0,1,0,0,0,0,1,0,0,0,0,0,0,47.003,28.817,0.0
,2.0,1,14,9.0,Кишинёв мун.,Кишинёв,Ботаника,ул. Грэдина Ботаникэ 18/1,64,2499.84375,0.6428571428571429,1,1,1,0,0,0,0,0,0,1,0,0,1,0,0,1,46.988,28.854,0.0
,1.0,1,4,2.0,Кишинёв мун.,Кишинёв,Чокана,str. Ișnovăț 11,24,1291.6666666666667,0.5,0,0,0,1,0,0,0,0,0,0,0,0,1,0,0,0,47.0098655,28.8886847,2906.1220926319756
4.0,3.0,,15,1.0,Кишинёв мун.,Кишинёв,Чокана,bd. Mircea cel Bătrân 41/A,92,2489.1304347826085,0.06666666666666667,0,1,0,0,0,0,0,0,0,1,0,0,0,0,0,0,47.057588,28.890629,2403.6471277178857
4.0,1.0,,9,5.0,Кишинёв мун.,Дурлешты,Центр,str. Regele Carol 1,42,2283.3333333333335,0.5555555555555556,1,0,0,0,0,0,0,0,0,1,0,0,0,0,0,0,47.019,28.763,0.0
4.0,1.0,1,5,1.0,Кишинёв мун.,Кишинёв,Ботаника,str. Nicolae Titulescu -,30,1833.3333333333333,0.2,0,0,0,0,0,0,0,0,0,0,0,0,0,0,0,0,46.988,28.854,0.0
0.0,1.0,1,10,2.0,Кишинёв мун.,Кишинёв,Телецентр,șos. Hâncești 142,56,1375.0,0.2,1,1,0,0,0,0,0,0,0,1,0,0,1,0,0,0,46.9930088,28.785891,2607.72497798578
0.0,2.0,2,7,5.0,Кишинёв мун.,Криково,Центр,str. Vasile Alescandri 5,63,1400.0,0.7142857142857143,1,1,0,0,1,0,0,0,0,1,0,1,0,0,0,0,,,
4.0,1.0,1,9,1.0,Кишинёв мун.,Кишинёв,Ботаника,str. Grenoble 120/3,44,2497.7272727272725,0.1111111111111111,1,1,1,0,0,0,0,0,0,1,0,0,1,0,0,0,46.988,28.854,0.0
,2.0,,9,8.0,Кишинёв мун.,Кишинёв,Чокана,bd. Mircea cel Bătrân 17,60,1531.6666666666667,0.8888888888888888,0,0,0,0,0,0,0,0,0,0,0,1,0,0,0,0,47.036,28.889,0.0
3.0,3.0,2,11,10.0,Кишинёв мун.,Кишинёв,Ботаника,str. Tudor Strișcă 8/7,163,2392.6380368098157,0.9090909090909091,1,1,0,0,1,0,0,0,0,1,0,0,1,1,0,0,46.9873456,28.8408937,996.8018598867833
0.0,1.0,,13,6.0,Кишинёв мун.,Кишинёв,Ботаника,str. Dimineții 8,38,1184.2105263157894,0.46153846153846156,1,0,0,0,0,0,0,0,0,1,0,0,1,0,0,0,46.988,28.854,0.0
0.0,2.0,2,7,5.0,Кишинёв мун.,Кишинёв,Ботаника,пр-т Дачия 59,68,1122.8529411764705,0.7142857142857143,1,0,0,1,0,0,0,0,0,1,0,1,0,0,0,1,46.988,28.854,0.0
0.0,1.0,1,12,6.0,Кишинёв мун.,Кишинёв,Телецентр,str. Alexandru Lăpușneanu 5,52,980.7692307692307,0.5,1,1,0,0,0,0,0,0,0,1,0,0,1,0,0,1,47.0315285,28.8171955,3172.2590868522557
,1.0,2,12,5.0,Кишинёв мун.,Кишинёв,Буюканы,str. Vasile Lupu 28,47,2276.574468085106,0.4166666666666667,1,1,0,0,0,0,0,0,0,1,0,0,1,0,0,0,47.0221197,28.8008688,1883.9410283209686
,1.0,,7,5.0,Кишинёв мун.,Дурлешты,Центр,str. Alexandr Orlov 46,48,2081.25,0.7142857142857143,0,1,0,0,0,0,0,0,0,1,0,1,0,0,0,0,47.019,28.763,0.0
4.0,3.0,2,9,9.0,Кишинёв мун.,Кишинёв,Рышкановка,str. Nadejda Russo 17,185,2648.6486486486488,1.0,1,1,1,0,0,0,0,0,0,1,0,0,0,0,0,0,47.049,28.863,0.0
2.0,4.0,2,10,9.0,Кишинёв мун.,Кишинёв,Ботаника,str. Cetatea Albă 143,87,1028.7356321839081,0.9,1,0,0,0,0,0,0,0,0,0,0,0,0,0,0,0,46.988,28.854,0.0
4.0,2.0,,9,2.0,Кишинёв мун.,Кишинёв,Центр,str. Alexandru cel Bun 108,80,2250.0,0.2222222222222222,0,1,0,1,0,0,0,0,0,1,0,0,1,0,0,0,47.0293865,28.8346001,630.541960989176
4.0,2.0,2,9,4.0,Кишинёв мун.,Кишинёв,Буюканы,str. Nicolai Costin 44/4,67,2283.582089552239,0.4444444444444444,1,1,0,0,0,0,1,0,0,1,0,0,1,0,0,0,47.039,28.803,0.0
0.0,2.0,1,16,4.0,Кишинёв мун.,Кишинёв,Ботаника,str. Dimineții 10,58,1510.0,0.25,1,0,0,0,0,0,0,0,0,1,0,1,0,0,0,1,47.004006,28.8668806,2030.2496513818726
4.0,1.0,1,16,7.0,Кишинёв мун.,Кишинёв,Рышкановка,str. Florilor 32,38,1471.0526315789473,0.4375,1,0,0,0,1,0,0,0,0,0,0,0,0,0,0,0,47.049,28.863,0.0
4.0,2.0,2,9,2.0,Кишинёв мун.,Кишинёв,Буюканы,str. Onisifor Ghibu 2/3,50,2290.0,0.2222222222222222,0,1,0,0,0,0,0,0,0,0,0,1,0,0,0,0,47.039,28.803,0.0
0.0,2.0,2,4,2.0,Кишинёв мун.,Кишинёв,Центр,str. Lacului 0,90,2722.222222222222,0.5,1,1,1,0,0,0,0,0,0,1,0,0,0,0,0,0,47.024,28.832,0.0
0.0,1.0,1,5,1.0,Кишинёв мун.,Кишинёв,Телецентр,șos. Hâncești .,53,1506.5094339622642,0.2,1,1,0,0,0,0,0,0,0,1,0,0,0,0,0,0,46.9967639,28.8027341,1285.0065814663399
3.0,3.0,1,15,13.0,Кишинёв мун.,Кишинёв,Чокана,bd. Mircea cel Bătrân 41/b,92,2500.0,0.8666666666666667,1,0,1,0,0,0,0,0,0,1,0,0,1,0,0,0,47.036,28.889,0.0
,1.0,4 и более,8,3.0,Кишинёв мун.,Дурлешты,Центр,Regina Elisabeta 4,45,1550.0,0.375,1,0,0,0,0,0,0,0,0,1,0,0,1,0,0,0,47.0050744,28.7619193,1550.6223704964784
2.0,3.0,2,5,4.0,Кишинёв мун.,Кишинёв,Буюканы,str. Sucevița 31,69,1695.6521739130435,0.8,1,0,0,0,0,0,0,0,0,0,0,0,0,0,0,0,47.0325286,28.7790868,1949.874330844143
,2.0,,15,15.0,Кишинёв мун.,Кишинёв,Центр,str. Nicolae Testemițanu 3/18,73,1917.8082191780823,1.0,0,0,0,0,0,0,0,0,0,1,0,0,1,0,0,0,47.024,28.832,0.0
0.0,3.0,,17,7.0,Кишинёв мун.,Кишинёв,Ботаника,str. Tudor Strișcă 19/2,86,1626.7441860465117,0.4117647058823529,0,0,0,0,0,0,0,0,0,1,0,0,0,0,0,0,46.9867518,28.835695,1395.4028840128835
0.0,3.0,2,9,9.0,Кишинёв мун.,Дурлешты,Центр,str. Durlesti 10/B,84,1441.3690476190477,1.0,1,0,0,1,0,0,0,0,0,1,0,1,0,1,0,0,47.0434084,28.7483791,2931.5910541947146
0.0,2.0,2,13,13.0,Кишинёв мун.,Кишинёв,Старая Почта,Iazului  38,143,1650.0,1.0,1,1,0,0,0,0,0,0,0,1,0,1,0,0,0,0,47.0624684,28.844226,2900.10828889157
,1.0,,18,9.0,Кишинёв мун.,Кишинёв,Ботаника,şos. Munceşti 94,42,1071.4285714285713,0.5,0,0,0,0,0,0,0,0,0,1,0,1,0,0,0,0,47.0054424,28.8668156,2169.407332980258
3.0,3.0,,8,2.0,Кишинёв мун.,Кишинёв,Ботаника,str. Pandurilor 42,105,1903.8095238095239,0.25,0,1,0,0,0,0,0,0,0,1,0,0,1,0,0,0,46.988,28.854,0.0
0.0,3.0,2,6,1.0,Кишинёв мун.,Дурлешты,Центр,str. Durlești 8,96,1412.9791666666667,0.16666666666666666,1,0,0,0,0,0,0,0,1,1,0,1,0,1,0,0,47.0446369,28.7457465,3136.297581269001
4.0,2.0,,15,5.0,Кишинёв мун.,Кишинёв,Рышкановка,str. Matei Basarab 1/1,86,2302.3255813953488,0.3333333333333333,0,1,0,0,0,0,0,0,0,1,0,0,1,0,0,0,47.0571713,28.8606928,925.2670562976307
1.0,1.0,,9,6.0,Кишинёв мун.,Кишинёв,Аэропорт,bd. Dacia 60/5,42,1357.142857142857,0.6666666666666666,1,0,0,0,0,0,0,1,0,0,0,0,1,0,0,0,,,
0.0,3.0,1,12,3.0,Кишинёв мун.,Кишинёв,Центр,str. Ciuflea 1,78,3800.0,0.25,0,0,0,0,0,0,0,0,0,1,0,0,1,0,0,0,47.024,28.832,0.0
4.0,2.0,1,9,8.0,Кишинёв мун.,Кишинёв,Центр,str. Vasile Alecsandri 11,72,2180.5555555555557,0.8888888888888888,1,1,0,0,0,0,0,0,0,1,0,0,1,0,0,0,47.0084759,28.8271332,1765.1918401777496
2.0,3.0,2,9,6.0,Кишинёв мун.,Кишинёв,Ботаника,bd. Cuza Vodă /,72,1340.2777777777778,0.6666666666666666,1,0,0,0,0,0,0,1,0,0,0,0,0,0,0,0,46.988,28.854,0.0
0.0,2.0,2,10,2.0,Кишинёв мун.,Кишинёв,Чокана,ул. Вадул луй Водэ 30,64,1578.125,0.2,1,1,0,0,0,0,0,0,0,1,0,0,0,0,0,0,47.036,28.889,0.0
4.0,2.0,,11,3.0,Кишинёв мун.,Кишинёв,Ботаника,ул. Гренобле 257,60,1966.6666666666667,0.2727272727272727,1,0,1,0,0,0,0,0,0,1,0,0,0,0,0,0,46.988,28.854,0.0
0.0,2.0,1,7,3.0,Кишинёв мун.,Кишинёв,Центр,str. Moara Roșie 5/D,101,2326.732673267327,0.42857142857142855,0,1,0,0,0,0,0,0,0,1,0,0,1,0,0,1,47.024,28.832,0.0
4.0,3.0,2,9,8.0,Кишинёв мун.,Кишинёв,Старая Почта,str. Ceucari 1/2,70,1770.0,0.8888888888888888,1,0,0,0,0,0,0,0,0,0,0,0,0,0,0,0,47.061,28.806,0.0
2.0,1.0,1,14,10.0,Кишинёв мун.,Ставчены,Центр,str. Unirii 20,42,1352.3809523809523,0.7142857142857143,1,0,0,0,1,0,0,0,0,1,0,1,0,0,0,0,47.0953681,28.8686253,141.683591719073
4.0,2.0,1,7,3.0,Кишинёв мун.,Кишинёв,Буюканы,ул. Виссарион Белинский 71,64,2617.1875,0.42857142857142855,0,1,1,0,0,0,0,0,0,1,0,0,0,0,0,1,47.039,28.803,0.0
4.0,3.0,1,9,7.0,Кишинёв мун.,Кишинёв,Буюканы,ул. Василе Лупу 28,90,2611.1111111111113,0.7777777777777778,1,1,0,0,1,0,0,0,0,1,0,0,0,0,0,0,47.0221197,28.8008688,1883.9410283209686
0.0,2.0,2,16,12.0,Кишинёв мун.,Кишинёв,Чокана,bd. Mircea cel Bătrân 41/A,71,2236.6197183098593,0.75,0,1,0,0,0,0,0,0,0,1,0,1,0,0,0,1,47.057588,28.890629,2403.6471277178857
4.0,2.0,2,12,2.0,Кишинёв мун.,Кишинёв,Буюканы,bd. Alba-Iulia 113,68,2485.294117647059,0.16666666666666666,1,1,0,0,0,0,0,0,0,1,0,1,0,0,0,1,47.039,28.803,0.0
4.0,2.0,,10,8.0,Кишинёв мун.,Кишинёв,Ботаника,str. Grenoble 159/A,57,2192.9824561403507,0.8,0,0,0,0,0,0,0,0,0,1,0,1,0,0,0,0,46.988,28.854,0.0
3.0,2.0,,9,2.0,Кишинёв мун.,Кишинёв,Ботаника,str. Burebista 40/2,69,1884.0579710144928,0.2222222222222222,0,0,0,0,0,0,0,0,0,1,0,0,1,0,0,0,46.9861531,28.8820566,2138.0658118880124
,1.0,1,9,8.0,Кишинёв мун.,Кишинёв,Чокана,str. Ginta Latină .,33,1878.7878787878788,0.8888888888888888,1,0,0,0,0,0,0,0,0,0,0,0,0,0,0,0,47.0345965,28.8850245,339.30240761949193
4.0,3.0,,9,1.0,Кишинёв мун.,Кишинёв,Центр,str. Albisoara 30/1,75,1850.6666666666667,0.1111111111111111,0,0,0,0,0,0,0,0,0,0,0,0,1,0,0,0,47.024,28.832,0.0
0.0,2.0,,10,2.0,Кишинёв мун.,Дурлешты,Центр,str. Cartuşa 97/3,69,1250.0,0.2,0,1,0,0,0,0,0,0,0,1,0,1,0,0,0,0,47.019,28.763,0.0
,3.0,,1,1.0,Кишинёв мун.,Кишинёв,Центр,str. București 15,89,1348.314606741573,1.0,0,1,0,0,0,0,0,0,0,0,0,0,1,0,0,0,47.024,28.832,0.0
,1.0,,10,3.0,Кишинёв мун.,Кишинёв,Рышкановка,str. Nicolae Dimo 13a,41,2000.0,0.3,0,0,0,0,0,0,0,0,0,1,0,1,0,0,0,0,47.049,28.863,0.0
,1.0,,18,12.0,Кишинёв мун.,Кишинёв,Центр,str. Tudor Vladimirescu 1a,45,1753.3333333333333,0.6666666666666666,0,0,0,0,0,0,0,0,0,1,0,1,0,0,0,0,47.026051,28.8651524,2523.2540009396675
3.0,3.0,2,10,8.0,Кишинёв мун.,Кишинёв,Центр,str. Lev Tolstoi 63,110,3000.0,0.8,1,1,0,1,0,0,0,0,0,1,0,0,0,1,0,0,47.024,28.832,0.0
,1.0,,14,13.0,Кишинёв мун.,Кишинёв,Буюканы,str. Vasile Lupu 28,50,2798.0,0.9285714285714286,0,1,0,0,0,0,0,0,0,1,0,0,0,0,0,0,47.0221197,28.8008688,1883.9410283209686
0.0,2.0,1,12,9.0,Кишинёв мун.,Кишинёв,Ботаника,str. Jubiliară 39/1,60,1658.3333333333333,0.75,1,1,0,0,0,0,0,0,0,1,0,0,0,0,0,0,46.988,28.854,0.0
4.0,2.0,,4,4.0,Кишинёв мун.,Кишинёв,Ботаника,str. Așhabad 2,56,1944.642857142857,1.0,0,0,0,0,0,0,0,0,0,1,0,1,0,0,0,0,46.988,28.854,0.0
4.0,2.0,1,5,1.0,Кишинёв мун.,Кишинёв,Ботаника,str. Nicolae Titulescu 53/2,46,1954.3478260869565,0.2,1,1,0,0,0,0,0,0,0,0,0,0,0,0,0,0,46.9918384,28.8712125,1373.547732802986
0.0,2.0,,10,6.0,Кишинёв мун.,Дурлешты,Центр,str. Cartuşa 99/7,63,1240.952380952381,0.6,1,0,0,0,0,0,0,0,0,1,0,1,0,0,0,0,47.0140792,28.7486956,1214.657059108895
3.0,1.0,1,5,1.0,Кишинёв мун.,Кишинёв,Буюканы,str. Alexandru Marinescu 51,35,2254.285714285714,0.2,1,0,0,1,0,0,0,0,0,1,0,1,0,0,0,0,47.039,28.803,0.0
2.0,1.0,1,9,5.0,Кишинёв мун.,Кишинёв,Рышкановка,bd. Moscova 20,35,1900.0,0.5555555555555556,1,0,0,0,0,0,0,1,0,0,0,1,0,0,0,0,47.0568696,28.8667886,920.9296261321848
0.0,5.0,2,9,8.0,Кишинёв мун.,Кишинёв,Ботаника,str. Belgrad 36,167,1850.0,0.8888888888888888,1,1,0,0,0,0,0,0,0,1,0,1,0,0,0,1,46.988,28.854,0.0
0.0,1.0,1,9,5.0,Кишинёв мун.,Кишинёв,Ботаника,str. Belgrad 36,33,1850.0,0.5555555555555556,0,1,0,0,0,0,0,0,0,1,0,1,0,0,0,1,46.988,28.854,0.0
0.0,5.0,2,25,,Кишинёв мун.,Кишинёв,Рышкановка,str. Spartacus 36,191,1950.0,,1,1,0,0,0,0,0,0,0,1,0,1,0,0,0,1,47.0422238,28.8543314,999.571362010771
0.0,2.0,,9,6.0,Кишинёв мун.,Кишинёв,Ботаника,str. Belgrad 36,47,1850.0,0.6666666666666666,1,0,0,0,0,0,0,0,0,1,0,1,0,0,0,1,46.988,28.854,0.0
0.0,2.0,2,25,14.0,Кишинёв мун.,Кишинёв,Рышкановка,str. Spartacus 36,72,1950.0,0.56,0,1,0,0,0,0,0,0,0,1,0,1,0,0,0,1,47.0422238,28.8543314,999.571362010771
0.0,1.0,,25,13.0,Кишинёв мун.,Кишинёв,Рышкановка,str. Spartacus 36,35,1950.0,0.52,1,0,0,0,0,0,0,0,0,1,0,1,0,0,0,1,47.0422238,28.8543314,999.571362010771
,1.0,,13,11.0,Кишинёв мун.,Кишинёв,Буюканы,пр-т Алба-Юлия 76/22,52,2019.2307692307693,0.8461538461538461,0,0,0,0,0,0,0,0,0,1,0,0,0,0,0,0,47.039,28.803,0.0
0.0,3.0,,9,4.0,Кишинёв мун.,Кишинёв,Скулянка,str. Calea Ieșilor 71,113,1950.0,0.4444444444444444,1,1,0,0,0,0,0,0,0,1,0,1,0,0,0,1,47.038,28.803,0.0
4.0,1.0,1,9,8.0,Кишинёв мун.,Кишинёв,Буюканы,str. Ion Buzdugan 9,48,2602.0833333333335,0.8888888888888888,1,1,0,0,0,0,0,0,0,1,0,0,0,0,0,1,47.039,28.803,0.0
,2.0,,7,6.0,Кишинёв мун.,Кишинёв,Чокана,str. Ion Dumeniuc -,52,2248.076923076923,0.8571428571428571,0,0,0,0,0,0,0,0,0,1,0,0,0,0,0,0,47.036,28.889,0.0
0.0,1.0,,10,2.0,Кишинёв мун.,Кишинёв,Старая Почта,str. Ceucari 11/1,37,1497.837837837838,0.2,0,0,0,0,0,0,0,0,0,1,0,0,0,0,0,0,47.0671618,28.8429777,2883.416986828092
0.0,2.0,1,11,4.0,Кишинёв мун.,Дурлешты,Центр,str. Cartuşa 99/5,55,945.4545454545455,0.36363636363636365,1,1,0,0,0,0,0,0,0,1,0,0,1,0,0,0,47.0138247,28.7495967,1167.7627457634428
0.0,2.0,2,7,2.0,Кишинёв мун.,Криково,Центр,str. Vasile Alescandri 5,69,1391.8840579710145,0.2857142857142857,1,1,0,0,1,0,0,0,0,1,0,1,0,0,0,0,,,
4.0,3.0,1,10,1.0,Кишинёв мун.,Кишинёв,Центр,str. Ion Inculeț 105/2,172,802.3255813953489,0.1,1,1,0,0,0,1,0,0,0,1,1,0,0,0,0,0,47.0054152,28.8349134,2078.305832893558
,2.0,,19,18.0,Кишинёв мун.,Кишинёв,Центр,str. Albisoara 82/4,72,1319.4444444444443,0.9473684210526315,0,1,0,0,0,0,0,0,0,0,0,1,0,0,0,0,47.024,28.832,0.0
0.0,2.0,2,6,2.0,Кишинёв мун.,Дурлешты,Центр,str. Durlești 8,77,1342.8181818181818,0.3333333333333333,1,1,0,0,0,0,0,0,1,1,0,1,0,1,0,0,47.0446369,28.7457465,3136.297581269001
0.0,2.0,1,6,2.0,Кишинёв мун.,Дурлешты,Центр,str. Durlești 8,64,1347.6875,0.3333333333333333,1,1,0,0,0,0,0,0,1,1,0,1,0,1,0,0,47.0446369,28.7457465,3136.297581269001
4.0,3.0,2,7,2.0,Кишинёв мун.,Кишинёв,Центр,str. Moara Rosie 7 F,115,2782.608695652174,0.2857142857142857,0,0,0,0,0,0,0,0,0,1,0,0,0,0,0,0,47.024,28.832,0.0
4.0,3.0,2,5,4.0,Кишинёв мун.,Кишинёв,Рышкановка,str. Crângului 12,80,1375.0,0.8,1,1,0,1,0,0,0,0,0,0,0,0,1,0,0,0,47.049,28.863,0.0
,,,6,5.0,Кишинёв мун.,Кишинёв,Буюканы,str. Eugen Coca 3,16,1425.0,0.8333333333333334,0,0,0,1,0,0,0,0,0,0,0,1,0,0,0,0,47.039,28.803,0.0
0.0,1.0,1,6,2.0,Кишинёв мун.,Дурлешты,Центр,Durlești 8,44,1450.0,0.3333333333333333,1,1,0,0,0,0,0,0,1,1,0,1,0,1,0,0,47.0320749,28.776068,1759.225840742758
0.0,2.0,,10,4.0,Кишинёв мун.,Кишинёв,Чокана,str. Vadul lui Voda 30,72,1320.0,0.4,0,1,0,0,0,0,0,0,0,1,0,1,0,0,0,1,47.026681,28.871584,1678.113886189654
,3.0,,9,3.0,Кишинёв мун.,Кишинёв,Чокана,str. Nicolae Milescu Spătarul 1,79,1708.860759493671,0.3333333333333333,0,0,0,0,0,0,0,0,0,0,0,0,0,0,0,0,47.05255,28.8966357,1929.082889595869
0.0,3.0,2,14,13.0,Кишинёв мун.,Кишинёв,Рышкановка,ул. Язулуй 38,143,1650.0,0.9285714285714286,1,1,0,0,0,0,0,0,0,1,0,1,0,0,0,1,47.061,28.806,4519.590952648696
4.0,1.0,,9,3.0,Кишинёв мун.,Кишинёв,Ботаника,str. Sarmizegetusa 94/1,25,1839.96,0.3333333333333333,0,0,0,0,0,0,0,0,0,0,0,1,0,0,0,0,46.988,28.854,0.0
0.0,1.0,,10,1.0,Кишинёв мун.,Кишинёв,Ботаника,пр-т Дачия 59,39,977.9487179487179,0.1,1,0,0,0,1,0,0,0,0,1,0,1,0,0,0,1,46.988,28.854,0.0
0.0,1.0,,9,3.0,Кишинёв мун.,Кишинёв,Ботаника,bd. Dacia 60/5,49,1479.591836734694,0.3333333333333333,1,1,0,0,0,0,0,0,0,1,0,1,0,0,1,0,46.988,28.854,0.0
0.0,2.0,,9,3.0,Кишинёв мун.,Кишинёв,Ботаника,bd. Dacia 60/5,60,1400.0,0.3333333333333333,1,1,0,0,0,0,0,0,0,1,0,1,0,0,0,1,46.988,28.854,0.0
0.0,3.0,,9,9.0,Кишинёв мун.,Кишинёв,Ботаника,bd. Dacia 60/5,103,1389.8058252427184,1.0,1,1,0,0,0,0,0,0,0,1,0,1,0,0,0,1,46.988,28.854,0.0
,2.0,,9,5.0,Кишинёв мун.,Дурлешты,Центр,str. Nicolae Dimo 24a,72,1098.9305555555557,0.5555555555555556,0,1,0,0,0,0,0,0,0,1,0,1,0,0,0,0,47.0132668,28.7511952,1098.787581805104
0.0,2.0,,9,3.0,Кишинёв мун.,Кишинёв,Ботаника,bd. Dacia 60/5,78,1350.0,0.3333333333333333,1,1,0,0,0,0,0,0,0,1,0,1,0,0,0,1,46.988,28.854,0.0
0.0,3.0,,9,3.0,Кишинёв мун.,Кишинёв,Ботаника,bd. Dacia 60/5,100,1340.0,0.3333333333333333,1,1,0,0,0,0,0,0,0,1,0,1,0,0,0,1,46.988,28.854,0.0
0.0,3.0,,9,3.0,Кишинёв мун.,Кишинёв,Ботаника,bd. Dacia 60/5,93,1289.784946236559,0.3333333333333333,1,1,0,0,0,0,0,0,0,1,0,1,0,0,0,1,46.988,28.854,0.0
0.0,2.0,,9,3.0,Кишинёв мун.,Кишинёв,Ботаника,bd. Dacia 60/5,67,1400.0,0.3333333333333333,1,1,0,0,0,0,0,0,0,1,0,1,0,0,0,1,46.988,28.854,0.0
0.0,3.0,,9,3.0,Кишинёв мун.,Кишинёв,Аэропорт,bd. Dacia 60/5,84,1339.8809523809523,0.3333333333333333,1,1,0,0,0,0,0,0,0,1,0,1,0,0,1,0,46.988,28.854,
0.0,2.0,,9,3.0,Кишинёв мун.,Кишинёв,Ботаника,bd. Dacia 60/5,71,1400.0,0.3333333333333333,1,1,0,0,0,0,0,0,0,1,0,1,0,0,0,1,46.988,28.854,0.0
0.0,2.0,,9,3.0,Кишинёв мун.,Кишинёв,Ботаника,bd. Dacia 60/5,75,1400.0,0.3333333333333333,1,1,1,0,0,0,0,0,0,1,0,1,0,0,0,1,46.988,28.854,0.0
0.0,2.0,,9,3.0,Кишинёв мун.,Кишинёв,Ботаника,bd. Dacia 60/5,73,1400.0,0.3333333333333333,1,1,0,0,0,0,0,0,0,1,0,1,0,0,0,1,46.988,28.854,0.0
0.0,3.0,,9,3.0,Кишинёв мун.,Кишинёв,Аэропорт,bd. Dacia 60/5,90,1290.0,0.3333333333333333,1,1,0,0,0,0,0,0,0,1,0,1,0,0,0,1,46.988,28.854,
0.0,3.0,,9,9.0,Кишинёв мун.,Кишинёв,Ботаника,bd. Dacia 60/5,110,1390.0,1.0,1,1,0,0,0,0,0,0,0,1,0,1,0,0,0,1,46.988,28.854,0.0
4.0,3.0,2,17,3.0,Кишинёв мун.,Кишинёв,Рышкановка,bd. Renasterii Nationale 10,95,2842.1052631578946,0.17647058823529413,1,1,0,0,0,0,0,0,0,1,0,0,0,0,0,0,47.049,28.863,0.0
0.0,1.0,1,18,5.0,Кишинёв мун.,Кишинёв,Ботаника,bd. Decebal 139/a,43,1986.046511627907,0.2777777777777778,1,0,0,0,0,0,1,0,0,1,0,1,0,0,0,1,46.988,28.854,0.0
2.0,2.0,1,11,2.0,Кишинёв мун.,Кишинёв,Чокана,bd. Mircea cel Bătrân 35/E,55,2490.909090909091,0.18181818181818182,1,0,0,0,0,0,0,0,0,1,0,0,1,0,0,0,47.0549832,28.8888797,2110.855212212964
4.0,2.0,2,11,10.0,Кишинёв мун.,Кишинёв,Ботаника,ул. Гренобле 128/1,130,1476.923076923077,0.9090909090909091,1,1,0,0,0,0,0,0,0,1,0,0,0,0,0,0,46.988,28.854,0.0
4.0,4.0,2,11,3.0,Кишинёв мун.,Кишинёв,Центр,str. Nicolae Testemițanu 3/7,97,2350.5154639175257,0.2727272727272727,1,1,0,0,1,0,0,0,0,1,0,0,1,0,0,0,47.0000916,28.8399385,2725.77357260575
4.0,2.0,1,16,14.0,Кишинёв мун.,Кишинёв,Ботаника,ул. Грэдина Ботаникэ 20/1,85,1941.164705882353,0.875,1,1,0,0,0,0,0,0,0,1,0,0,1,0,0,0,46.9774423,28.8763938,2064.9536011135656
4.0,1.0,,11,10.0,Кишинёв мун.,Кишинёв,Ботаника,str. Grenoble 259/5,44,2249.9772727272725,0.9090909090909091,0,0,0,0,0,0,0,0,0,1,0,0,1,0,0,0,46.988,28.854,0.0
,2.0,,5,4.0,Кишинёв мун.,Кишинёв,Старая Почта,str. Gheorghe Madan 46/3,50,1790.0,0.8,0,0,0,0,0,0,0,0,0,0,0,0,0,0,0,0,47.0557981,28.8475071,3197.0005445804995
4.0,2.0,1,16,2.0,Кишинёв мун.,Кишинёв,Ботаника,бул. Траян 23/1,60,1583.3333333333333,0.125,1,0,0,0,0,0,0,0,0,0,0,0,0,0,0,0,46.9775823,28.8457844,1315.4063443164157
4.0,1.0,1,13,7.0,Кишинёв мун.,Кишинёв,Буюканы,str. Bucuriei 10,62,2387.0967741935483,0.5384615384615384,1,1,0,0,0,0,0,0,1,1,0,0,1,0,0,0,47.039,28.803,0.0
0.0,,,12,4.0,Кишинёв мун.,Кишинёв,Ботаника,str. Grădina Botanică 18/1,46,1800.0,0.3333333333333333,0,0,0,0,0,0,0,0,0,1,0,0,1,0,0,0,46.977355,28.8786586,2213.631260361519
0.0,4.0,2,9,8.0,Кишинёв мун.,Дурлешты,Центр,str. Cartuşa 95/4,146,1095.890410958904,0.8888888888888888,1,1,1,0,0,0,0,0,0,1,0,1,0,0,0,0,47.019,28.763,0.0
,2.0,1,18,7.0,Кишинёв мун.,Кишинёв,Ботаника,bd. Decebal 139/a,60,1910.0,0.3888888888888889,1,1,0,0,0,0,1,0,0,1,0,1,0,0,0,1,46.988,28.854,0.0
4.0,1.0,1,5,1.0,Кишинёв мун.,Кишинёв,Буюканы,str. Alexandru Marinescu 51,35,2254.285714285714,0.2,0,0,0,1,0,0,0,0,0,1,0,1,0,0,0,0,47.039,28.803,0.0
2.0,2.0,2,20,5.0,Кишинёв мун.,Кишинёв,Центр,str. Nicolae Testemițanu 29/2,43,1183.7209302325582,0.25,1,0,0,0,0,0,0,0,0,0,0,0,0,0,0,0,47.024,28.832,0.0
3.0,3.0,2,3,3.0,Кишинёв мун.,Кишинёв,Центр,str. Alexandr Pușkin 30,101,2128.7128712871286,1.0,0,0,0,1,0,0,0,0,0,0,0,0,1,0,0,0,47.024,28.832,0.0
,3.0,2,18,7.0,Кишинёв мун.,Кишинёв,Ботаника,bd. Decebal 139/a,84,1892.2619047619048,0.3888888888888889,1,1,1,0,0,0,0,0,0,1,0,1,0,0,0,1,46.988,28.854,0.0
0.0,3.0,2,10,7.0,Кишинёв мун.,Кишинёв,Ботаника,пр-т Дачия 59,99,1034.5252525252524,0.7,0,0,0,0,0,0,0,0,0,1,0,1,0,0,0,1,46.988,28.854,0.0
3.0,1.0,1,13,5.0,Кишинёв мун.,Кишинёв,Центр,ул. Каля Ешилор 6,56,4446.428571428572,0.38461538461538464,1,1,1,0,0,0,0,0,0,1,0,0,0,0,0,1,47.0433126,28.7934948,3623.1816826537674
0.0,2.0,2,10,1.0,Кишинёв мун.,Кишинёв,Ботаника,пр-т Дачия 59,61,962.9344262295082,0.1,1,0,0,0,1,0,0,0,0,1,0,1,0,0,0,1,46.988,28.854,0.0
0.0,1.0,1,10,9.0,Кишинёв мун.,Кишинёв,Ботаника,пр-т Дачия 59,39,960.7179487179487,0.9,1,0,0,0,0,0,0,0,0,1,0,1,0,0,0,1,46.988,28.854,0.0
4.0,2.0,1,16,16.0,Кишинёв мун.,Кишинёв,Ботаника,ул. Сармизеджетуса 23,78,1730.7692307692307,1.0,1,1,0,0,0,0,0,0,0,1,0,0,0,0,0,0,46.988,28.854,0.0
,3.0,2,5,2.0,Кишинёв мун.,Кишинёв,Телецентр,șos. Hâncești 182,98,1554.0816326530612,0.4,1,1,0,1,0,0,0,0,0,1,0,1,0,0,0,0,47.003,28.817,0.0
,2.0,1,5,2.0,Кишинёв мун.,Кишинёв,Телецентр,șos. Hâncești 182,73,1720.5479452054794,0.4,1,1,0,1,0,0,0,0,0,1,0,1,0,0,0,0,47.003,28.817,0.0
,1.0,,5,2.0,Кишинёв мун.,Кишинёв,Телецентр,șos. Hâncești 182,53,1707.5471698113208,0.4,1,1,0,1,0,0,0,0,0,1,0,1,0,0,0,0,47.003,28.817,0.0
0.0,2.0,2,6,3.0,Кишинёв мун.,Кишинёв,Ботаника,bd. Dacia 56,65,1961.5384615384614,0.5,1,1,0,0,0,0,0,0,0,1,0,0,0,0,0,1,46.9659249,28.8660104,2618.307802328383
,1.0,1,20,14.0,Кишинёв мун.,Кишинёв,Ботаника,пр. Дачия .,45,1442.2222222222222,0.7,1,0,0,0,0,0,0,0,0,0,0,0,0,0,0,0,46.988,28.854,0.0
0.0,2.0,,10,5.0,Кишинёв мун.,Дурлешты,Центр,str. Nicolae Dimo 24a,60,1200.0,0.5,1,0,1,0,0,0,0,0,0,1,0,1,0,0,0,1,47.0132668,28.7511952,1098.787581805104
4.0,2.0,1,14,7.0,Кишинёв мун.,Кишинёв,Центр,str. București 96/1,72,4375.0,0.5,1,0,1,0,0,0,0,0,0,1,0,1,0,0,0,1,47.024,28.832,0.0
4.0,2.0,1,11,6.0,Кишинёв мун.,Кишинёв,Буюканы,ул. Штефан Няга 67,54,2768.5185185185187,0.5454545454545454,1,1,0,0,0,0,0,0,0,1,0,0,0,0,0,0,47.039,28.803,0.0
,1.0,1,9,3.0,Кишинёв мун.,Кишинёв,Ботаника,dacia 59 59,47,1104.6808510638298,0.3333333333333333,0,1,0,0,0,0,0,0,0,1,0,0,1,0,0,0,46.988,28.854,0.0
0.0,2.0,2,11,3.0,Кишинёв мун.,Кишинёв,Телецентр,str. Ialoveni 102,68,1126.4705882352941,0.2727272727272727,0,1,0,0,0,0,0,0,0,1,0,0,0,0,0,1,47.0027204,28.7750151,3183.8960279034072
0.0,1.0,1,11,3.0,Кишинёв мун.,Кишинёв,Телецентр,str. Ialoveni 102,53,1137.7358490566037,0.2727272727272727,0,1,0,0,0,0,0,0,0,1,0,0,0,0,0,1,47.0027204,28.7750151,3183.8960279034072
4.0,2.0,1,5,5.0,Кишинёв мун.,Кишинёв,Ботаника,str. Trandafirilor 31/5,44,1975.0,1.0,1,1,0,0,0,0,0,0,0,0,0,0,0,0,0,0,46.9969944,28.8493911,1059.4612910509952
0.0,2.0,1,10,4.0,Кишинёв мун.,Дурлешты,Центр,str. Nicolae Dimo 26,60,1100.0,0.4,1,0,1,0,0,0,0,0,0,1,0,1,0,0,0,0,47.019,28.763,0.0
3.0,3.0,2,6,3.0,Кишинёв мун.,Дурлешты,Центр,str. Nicolae Dimo 88/1,98,2345.918367346939,0.5,1,1,0,0,0,0,0,0,0,1,0,0,1,0,0,0,47.019,28.763,0.0
4.0,2.0,2,14,12.0,Кишинёв мун.,Кишинёв,Центр,ул. Николае Тестемицану 19/1,76,3394.7368421052633,0.8571428571428571,1,1,0,0,0,0,0,0,0,1,0,0,0,0,0,0,47.024,28.832,0.0
4.0,2.0,1,14,8.0,Кишинёв мун.,Кишинёв,Буюканы,str. Vasile Lupu -,69,3188.4057971014495,0.5714285714285714,0,1,0,0,0,0,0,0,0,1,0,0,0,0,0,0,47.0222153,28.8090383,1921.6644032132942
4.0,2.0,1,12,11.0,Кишинёв мун.,Кишинёв,Чокана,ул. Алеку Руссо 9/7,82,2792.682926829268,0.9166666666666666,1,1,0,0,0,0,0,0,0,1,0,0,0,0,0,0,47.036,28.889,0.0
0.0,1.0,1,12,5.0,Кишинёв мун.,Кишинёв,Телецентр,str. Ialoveni 136,41,1065.1707317073171,0.4166666666666667,0,1,0,0,0,0,0,0,0,1,0,0,0,0,0,0,47.0038563,28.7718893,3422.064363855485
3.0,3.0,2,5,1.0,Кишинёв мун.,Кишинёв,Буюканы,str. Buiucani 4,113,1398.2300884955753,0.2,1,1,0,0,0,0,0,0,0,0,0,0,1,0,0,0,47.0240747,28.8083341,1708.1469573300062
0.0,3.0,2,7,1.0,Кишинёв мун.,Дурлешты,Окраина,str. Durlesti 10/A,106,1447.2641509433963,0.14285714285714285,1,0,0,1,0,0,0,0,0,1,0,1,0,1,0,0,47.0435011,28.7488146,2928.8600274239293
4.0,2.0,,5,2.0,Кишинёв мун.,Кишинёв,Рышкановка,str. Alecu Russo 3/2,49,2153.061224489796,0.4,0,1,0,1,0,0,0,0,0,0,0,1,0,0,0,0,47.046063,28.8646899,350.7822431032739
,2.0,1,5,2.0,Кишинёв мун.,Кишинёв,Рышкановка,str. Matei Basarab 10/2,52,2115.3846153846152,0.4,1,1,0,1,0,0,0,0,0,0,0,0,1,0,0,0,47.049,28.863,0.0
0.0,1.0,,20,18.0,Кишинёв мун.,Кишинёв,Чокана,bd. Mircea cel Bătrân 15,48,1885.4166666666667,0.9,0,1,0,0,0,0,0,0,0,1,0,0,0,0,0,0,47.0468052,28.8878226,1204.791424186707
,2.0,2,10,1.0,Кишинёв мун.,Дурлешты,Центр,str. Nicolae Dimo 24a,72,1069.861111111111,0.1,1,1,0,0,0,0,0,0,0,1,0,1,0,0,0,0,47.0132668,28.7511952,1098.787581805104
,1.0,2,9,3.0,Кишинёв мун.,Дурлешты,Центр,str. Nicolae Testemițanu 61,55,1090.909090909091,0.3333333333333333,1,0,0,0,0,0,0,0,0,1,0,0,1,0,0,0,47.019,28.763,0.0
3.0,2.0,1,9,8.0,Кишинёв мун.,Кишинёв,Ботаника,str. Grenoble  130/3,55,1998.1818181818182,0.8888888888888888,1,1,0,0,0,0,0,0,0,0,0,0,0,0,0,0,46.988,28.854,0.0
,3.0,,9,4.0,Кишинёв мун.,Дурлешты,Центр,str. Nicolae Dimo 24a,110,1133.2727272727273,0.4444444444444444,1,1,0,0,0,0,0,0,0,1,0,1,0,0,0,0,47.0132668,28.7511952,1098.787581805104
,2.0,,9,8.0,Кишинёв мун.,Кишинёв,Чокана,str. Ion Dumeniuc 6,64,2312.5,0.8888888888888888,0,1,0,0,0,0,0,0,0,1,0,1,0,0,0,0,47.1049348,28.8328393,8766.18220834624
2.0,1.0,,16,13.0,Кишинёв мун.,Кишинёв,Скулянка,Каля Ешилор  61/2,41,1829.2682926829268,0.8125,0,0,0,0,1,0,0,0,0,0,0,0,1,0,0,0,47.0460065,28.7811749,1878.2053502526842
4.0,2.0,1,10,7.0,Кишинёв мун.,Кишинёв,Буюканы,str. Calea Ieșilor .,54,1813.0,0.7,1,0,0,0,0,0,0,0,0,1,0,0,0,0,0,0,47.039,28.803,0.0
0.0,3.0,2,10,5.0,Кишинёв мун.,Дурлешты,Центр,str. Nicolae Dimo 26,72,1100.0,0.5,1,1,1,0,0,0,0,0,0,1,0,1,0,0,0,0,47.019,28.763,0.0
0.0,1.0,1,10,3.0,Кишинёв мун.,Дурлешты,Центр,str. Nicolae Dimo 26,41,1150.0,0.3,1,1,1,0,0,0,0,0,0,1,0,1,0,0,0,0,47.019,28.763,0.0
0.0,3.0,2,12,5.0,Кишинёв мун.,Кишинёв,Старая Почта,str. Ceucari 14,88,1210.0,0.4166666666666667,1,0,1,0,0,0,0,0,0,1,0,1,0,0,0,1,47.061,28.806,0.0
0.0,2.0,2,9,4.0,Кишинёв мун.,Кишинёв,Старая Почта,str. Ceucari 11/1,75,1250.0,0.4444444444444444,1,0,0,0,1,0,0,0,0,1,0,1,0,0,0,1,47.0671618,28.8429777,2883.416986828092
4.0,2.0,2,10,2.0,Кишинёв мун.,Кишинёв,Ботаника,Burebista  25,71,2521.1267605633802,0.2,0,0,0,0,0,0,0,0,0,1,0,0,0,0,0,1,46.988,28.854,0.0
4.0,2.0,1,5,1.0,Кишинёв мун.,Кишинёв,Ботаника, str. Nicolae Titulescu  53/2,46,1910.8695652173913,0.2,1,0,0,1,0,0,0,0,0,0,0,0,0,0,0,0,46.988,28.854,0.0
4.0,2.0,1,16,10.0,Кишинёв мун.,Кишинёв,Рышкановка,Московский пр-т 11,56,1946.4285714285713,0.625,1,1,0,0,1,0,0,0,0,0,0,0,1,0,0,0,47.049,28.863,0.0
4.0,3.0,,7,3.0,Кишинёв мун.,Кишинёв,Буюканы,ул. Ливиу Деляну 24,72,3055.5555555555557,0.42857142857142855,0,0,1,0,0,0,0,0,0,1,0,0,1,0,0,0,47.039,28.803,0.0
,3.0,,9,1.0,Кишинёв мун.,Кишинёв,Чокана,str. Nicolae Milescu Spătarul 1,74,1716.2162162162163,0.1111111111111111,0,0,0,0,0,0,0,0,0,0,0,0,0,0,0,0,47.05255,28.8966357,1929.082889595869
0.0,2.0,2,6,3.0,Кишинёв мун.,Криково,Центр,str. Chişinău 81,86,1150.0,0.5,1,1,0,0,1,0,0,0,0,1,0,1,0,0,0,1,,,
4.0,2.0,,10,3.0,Кишинёв мун.,Кишинёв,Телецентр,str. Ialoveni 100/3,66,2045.439393939394,0.3,0,1,0,0,0,0,0,0,0,1,0,0,1,0,0,0,47.0035382,28.7782952,2935.599566079433
0.0,1.0,1,12,4.0,Кишинёв мун.,Кишинёв,Ботаника,str. Dimineții 8,36,1278.0555555555557,0.3333333333333333,1,0,0,0,0,0,0,0,0,1,0,0,0,0,0,1,46.988,28.854,0.0
4.0,1.0,1,5,2.0,Кишинёв мун.,Кишинёв,Центр,Alexandr Pușkin  53,28,1964.2857142857142,0.4,0,0,0,0,0,0,0,0,0,0,0,0,0,0,0,0,47.024,28.832,0.0
4.0,3.0,2,12,7.0,Кишинёв мун.,Кишинёв,Чокана, bd. Mircea cel Bătrân 41,96,2687.5,0.5833333333333334,1,0,0,0,0,0,0,0,0,1,0,0,0,0,0,0,47.0580803,28.8907679,2458.868608146336
4.0,2.0,,5,2.0,Кишинёв мун.,Кишинёв,Рышкановка,ул. Мирон Костин 15/1,60,1983.3333333333333,0.4,0,0,0,0,0,0,0,0,0,0,0,0,1,0,0,0,47.049,28.863,0.0
0.0,1.0,1,9,1.0,Кишинёв мун.,Кишинёв,Телецентр,șos. Hâncești 142,43,1398.5348837209303,0.1111111111111111,1,1,0,0,0,0,0,0,0,1,0,1,0,0,0,1,46.9930088,28.785891,2607.72497798578
0.0,,1,9,9.0,Кишинёв мун.,Кишинёв,Телецентр,șos. Hâncești 142,45,1398.088888888889,1.0,0,0,0,0,0,0,0,0,0,1,0,1,0,0,0,0,46.9930088,28.785891,2607.72497798578
,2.0,1,5,5.0,Кишинёв мун.,Кишинёв,Ботаника,str. Nicolae Titulescu .,44,1454.5454545454545,1.0,1,0,0,0,0,0,0,0,0,0,0,0,0,0,0,0,46.988,28.854,0.0
4.0,2.0,1,5,5.0,Кишинёв мун.,Кишинёв,Центр,str. Izmail;str. Ismail .,46,1902.1739130434783,1.0,0,0,0,0,0,0,0,0,0,0,0,0,0,0,0,0,47.024,28.832,0.0
4.0,1.0,1,5,4.0,Кишинёв мун.,Кишинёв,Буюканы,str. Ion Pelivan 34/1,19,1826.3157894736842,0.8,0,0,0,1,0,0,0,0,0,0,0,1,0,0,0,0,47.0259521,28.7842559,2030.5348032844404
4.0,2.0,2,14,11.0,Кишинёв мун.,Кишинёв,Буюканы,str.Vasile Lupu  --,70,2928.5714285714284,0.7857142857142857,1,0,0,0,0,0,0,0,0,1,0,0,0,0,0,1,47.039,28.803,0.0
4.0,1.0,1,9,2.0,Кишинёв мун.,Кишинёв,Центр,str. Arheolog Ion Casian Suruceanu 1,40,1997.5,0.2222222222222222,1,0,0,0,0,0,0,0,0,1,0,0,0,0,0,0,47.024,28.832,0.0
0.0,3.0,3,9,8.0,Кишинёв мун.,Кишинёв,Буюканы, bd. Alba Iulia  128,190,1473.6842105263158,0.8888888888888888,1,0,0,0,0,0,0,0,0,1,0,0,0,0,0,1,47.0417892,28.7628124,3061.064355068252
0.0,3.0,2,9,6.0,Кишинёв мун.,Дурлешты,Центр, str. Nicolae Testemițanu 61/C,117,1111.111111111111,0.6666666666666666,1,0,0,0,0,0,0,0,0,1,0,0,0,0,0,0,47.019,28.763,0.0
0.0,3.0,2,9,5.0,Кишинёв мун.,Кишинёв,Старая Почта,str. Ceucari 14,89,1400.0,0.5555555555555556,1,1,0,0,0,0,0,0,0,1,0,1,0,0,0,1,47.061,28.806,0.0
4.0,1.0,,5,4.0,Кишинёв мун.,Кишинёв,Ботаника, str. Independenței 14/1,25,2120.0,0.8,0,0,0,0,0,0,0,0,0,0,0,0,0,0,0,0,46.988,28.854,0.0
1.0,3.0,2,9,8.0,Кишинёв мун.,Кишинёв,Рышкановка,str. Tudor Vladimirescu 1/4,70,1421.4285714285713,0.8888888888888888,1,0,0,0,0,0,0,1,0,0,0,0,0,0,0,0,47.0315691,28.8616475,1940.935454043103
3.0,2.0,2,11,6.0,Кишинёв мун.,Кишинёв,Буюканы,str. Vasile Lupu 28a,73,2945.205479452055,0.5454545454545454,1,1,0,0,0,0,0,0,0,1,0,0,1,0,0,0,47.039,28.803,0.0
,2.0,,12,6.0,Кишинёв мун.,Кишинёв,Чокана,bd. Mircea cel Bătrân 41/A,72,2845.8333333333335,0.5,0,0,0,0,0,0,0,0,0,1,0,0,0,0,0,0,47.057588,28.890629,2403.6471277178857
0.0,3.0,2,10,8.0,Кишинёв мун.,Кишинёв,Чокана,bd. Mircea cel Bătrân 41,87,2172.4137931034484,0.8,0,0,0,0,0,0,0,0,0,1,0,1,0,0,0,0,47.0580803,28.8907679,2458.868608146336
,3.0,,13,1.0,Кишинёв мун.,Кишинёв,Буюканы,str. Vasile Lupu 28,74,2635.135135135135,0.07692307692307693,0,0,0,0,0,0,0,0,0,1,0,0,0,0,0,0,47.0221197,28.8008688,1883.9410283209686
0.0,2.0,2,9,9.0,Кишинёв мун.,Кишинёв,Телецентр,sos. Hincesti 142,63,1300.2380952380952,1.0,0,0,0,0,0,0,0,0,0,1,0,1,0,0,0,1,46.9980787,28.8078475,883.848218632378
4.0,,1,5,3.0,Кишинёв мун.,Кишинёв,Ботаника,str. Burebista 66/2,16,2093.75,0.6,0,0,0,0,0,0,0,0,0,0,0,0,1,0,0,0,46.988,28.854,0.0
0.0,3.0,1,5,2.0,Кишинёв мун.,Кишинёв,Буюканы,str. Gheorghe Codreanu 77,81,1430.0,0.4,0,0,0,0,1,0,0,0,0,1,0,1,0,0,0,1,47.039,28.803,0.0
4.0,3.0,3,4,2.0,Кишинёв мун.,Кишинёв,Центр,str. Universității 25,182,4670.32967032967,0.5,1,0,0,1,0,0,0,0,0,1,0,0,0,1,0,0,47.024,28.832,0.0
4.0,2.0,,16,5.0,Кишинёв мун.,Кишинёв,Буюканы,Piața Unirii Principatelor 3,37,2024.3243243243244,0.3125,0,0,0,0,0,0,0,0,0,0,0,0,0,0,0,0,47.039,28.803,0.0
0.0,1.0,1,13,10.0,Кишинёв мун.,Кишинёв,Чокана,пр-т Мирча чел Бэтрын 45,50,1980.0,0.7692307692307693,1,0,1,0,0,0,0,0,0,1,0,0,1,0,0,1,47.036,28.889,0.0
0.0,3.0,2,10,6.0,Кишинёв мун.,Кишинёв,Буюканы,str. Ion Buzdugan .,86,1686.046511627907,0.6,1,1,0,0,0,0,0,0,0,1,0,0,0,0,0,0,47.0378784,28.7635064,2995.4295954639597
4.0,2.0,1,14,10.0,Кишинёв мун.,Кишинёв,Центр,Bd. Ștefan cel Mare și Sfânt 171/3,48,3916.6666666666665,0.7142857142857143,1,0,0,0,0,0,0,0,0,1,0,0,0,0,0,1,47.024,28.832,0.0
4.0,2.0,1,5,1.0,Кишинёв мун.,Кишинёв,Ботаника,str. Nicolae Titulescu 32,41,1856.0975609756097,0.2,0,0,0,0,0,0,0,0,0,0,0,1,0,0,0,0,46.988,28.854,0.0
0.0,2.0,1,10,1.0,Кишинёв мун.,Кишинёв,Буюканы,str. Ioana Radu 27/3,70,1642.857142857143,0.1,0,1,0,0,0,0,0,0,0,1,0,1,0,0,0,0,47.039,28.803,0.0
0.0,2.0,1,10,1.0,Кишинёв мун.,Кишинёв,Буюканы,str. Ioana Radu 27/3,69,1666.6666666666667,0.1,0,1,0,0,0,0,0,0,0,1,0,0,0,0,0,0,47.039,28.803,0.0
0.0,1.0,1,9,7.0,Кишинёв мун.,Кишинёв,Чокана,str. Bucovinei  1,57,1401.7543859649122,0.7777777777777778,0,0,0,0,0,0,0,0,0,1,0,0,0,0,0,1,47.036,28.889,0.0
4.0,2.0,,5,2.0,Кишинёв мун.,Кишинёв,Рышкановка,str. Miron Costin 19/4,60,1748.3333333333333,0.4,0,0,0,0,0,0,0,0,0,0,0,0,0,0,0,0,47.051149,28.8712878,671.8458874161427
4.0,2.0,1,12,7.0,Кишинёв мун.,Кишинёв,Центр,str. Gheorghe Asachi 4,45,2488.8888888888887,0.5833333333333334,1,0,0,0,0,0,0,0,0,1,0,0,0,0,0,0,47.0061948,28.8256229,2038.0235922778133
4.0,1.0,1,4,1.0,Кишинёв мун.,Кишинёв,Центр,str. 31 August 1989 105,40,2950.0,0.25,1,0,0,1,0,0,0,0,0,0,0,0,0,0,0,0,47.024,28.832,0.0
2.0,3.0,2,9,8.0,Кишинёв мун.,Кишинёв,Ботаника,bd. Cuza Vodă 17/4,70,1350.0,0.8888888888888888,1,0,1,0,0,0,0,0,0,0,0,0,0,0,0,0,46.988,28.854,0.0
4.0,2.0,2,8,6.0,Кишинёв мун.,Дурлешты,Центр,/ /,65,2106.153846153846,0.75,1,1,0,0,0,0,0,0,0,1,0,0,0,0,0,1,47.019,28.763,0.0
,2.0,1,16,4.0,Кишинёв мун.,Ставчены,Центр,--- 20/2,80,1375.0,0.25,0,0,0,0,0,0,0,0,0,1,0,0,0,0,0,0,47.096,28.867,0.0
,3.0,1,5,2.0,Кишинёв мун.,Кишинёв,Буюканы,str. Vasile Lupu ---,72,1804.1666666666667,0.4,0,1,0,0,0,0,0,0,0,0,0,0,0,0,0,0,47.039,28.803,0.0
,2.0,,12,1.0,Кишинёв мун.,Кишинёв,Телецентр,str. Drumul Viilor ---,65,1507.6923076923076,0.08333333333333333,0,0,0,0,0,0,0,0,0,1,0,0,0,0,0,0,47.003,28.817,0.0
0.0,2.0,1,6,1.0,Кишинёв мун.,Кишинёв,Буюканы,str. Bisericii 1,84,1384.7619047619048,0.16666666666666666,1,1,0,0,0,0,0,0,0,1,0,1,0,0,0,0,47.039,28.803,0.0
4.0,2.0,,6,6.0,Кишинёв мун.,Кишинёв,Рышкановка,ул. Алеку Руссо 3/1,54,1444.4444444444443,1.0,0,0,0,0,0,0,0,0,0,0,0,0,0,0,0,0,47.049,28.863,0.0
0.0,3.0,2,5,4.0,Кишинёв мун.,Кишинёв,Ботаника,bd. Dacia 58/27,93,1688.6021505376343,0.8,1,1,0,0,0,0,0,0,0,1,0,1,0,0,0,0,46.988,28.854,0.0
0.0,3.0,2,11,10.0,Кишинёв мун.,Кишинёв,Телецентр,str. Sprîncenoaia *,92,1520.6521739130435,0.9090909090909091,1,0,0,0,0,0,0,0,0,1,0,0,0,0,0,0,47.003,28.817,0.0
4.0,3.0,1,5,2.0,Кишинёв мун.,Кишинёв,Ботаника,bd. Dacia 55,93,1688.7096774193549,0.4,1,1,0,0,0,0,0,0,0,1,0,1,0,0,0,1,46.988,28.854,0.0
4.0,2.0,1,11,10.0,Кишинёв мун.,Кишинёв,Центр,str. Lev Tolstoi 74,78,3050.0,0.9090909090909091,0,0,0,0,1,0,0,0,0,1,0,0,1,1,0,0,47.0155286,28.8489971,1596.100578908128
,2.0,,12,1.0,Кишинёв мун.,Кишинёв,Центр,str. Albișoara 78/4,86,2500.0,0.08333333333333333,0,1,0,0,0,0,0,0,0,1,0,1,0,0,0,0,47.024,28.832,0.0
4.0,2.0,1,9,1.0,Кишинёв мун.,Кишинёв,Телецентр,str. Pietrarilor 4,51,1656.862745098039,0.1111111111111111,1,0,0,0,0,0,0,0,0,0,0,0,0,0,0,0,47.003,28.817,0.0
0.0,2.0,1,5,4.0,Кишинёв мун.,Кишинёв,Буюканы,str-la Bisericii 1,70,1735.0,0.8,1,1,1,0,0,0,0,0,0,1,0,1,0,0,0,1,47.039,28.803,0.0
4.0,1.0,1,5,5.0,Кишинёв мун.,Кишинёв,Ботаника,str. Independenței 14/1,38,1655.2631578947369,1.0,0,0,0,1,0,0,0,0,0,0,0,0,0,0,0,0,46.988,28.854,0.0
4.0,1.0,1,5,3.0,Кишинёв мун.,Кишинёв,Ботаника,ул. Николай Зелински 30/3,35,2280.0,0.6,1,0,0,0,1,0,0,0,0,0,0,1,0,0,0,0,46.988,28.854,0.0
1.0,3.0,,5,3.0,Кишинёв мун.,Кишинёв,Центр,bd. Ştefan cel Mare şi Sfânt 64,65,2384.6153846153848,0.6,0,0,0,0,0,0,0,0,0,0,0,0,0,0,0,0,47.024,28.832,0.0
4.0,3.0,2,11,3.0,Кишинёв мун.,Кишинёв,Центр,str. Nicolae Testemițanu 3/7,97,2355.6701030927834,0.2727272727272727,1,1,0,0,0,0,0,0,0,1,0,0,1,0,0,0,47.0000916,28.8399385,2725.77357260575
4.0,2.0,1,8,6.0,Кишинёв мун.,Кишинёв,Рышкановка,str. Socoleni 2A,77,2272.7272727272725,0.75,1,1,0,0,0,0,0,0,0,1,0,0,1,1,0,0,47.0623684,28.8483916,1853.2118425231488
4.0,2.0,,9,4.0,Кишинёв мун.,Кишинёв,Ботаника,str. Burebista 25,71,2463.3802816901407,0.4444444444444444,0,1,0,0,0,0,0,0,0,0,0,0,0,0,0,0,47.0310499,28.7697398,7983.128448161052
,1.0,1,12,10.0,Кишинёв мун.,Кишинёв,Рышкановка,str. Cornesti 17,41,3097.560975609756,0.8333333333333334,0,1,0,0,0,0,0,0,0,1,0,0,0,0,0,0,47.049,28.863,0.0
4.0,3.0,,5,1.0,Кишинёв мун.,Кишинёв,Ботаника,bd. Cuza Vodă 18/1,80,1487.5,0.2,0,0,0,0,0,0,0,0,0,0,0,0,0,0,0,0,46.9820009,28.8580098,733.1436462115911
4.0,1.0,1,8,4.0,Кишинёв мун.,Кишинёв,Буюканы,str. Durleşti 10/D,40,2475.0,0.5,1,1,0,1,0,0,0,0,0,1,0,0,0,0,0,0,47.039,28.803,0.0
0.0,2.0,1,16,11.0,Кишинёв мун.,Кишинёв,Ботаника,str. Grădina Botanică 18/1,52,1634.6153846153845,0.6875,0,0,0,0,0,0,0,0,0,1,0,0,1,0,0,0,46.977355,28.8786586,2213.631260361519
4.0,1.0,1,9,2.0,Кишинёв мун.,Кишинёв,Центр,str. Ialoveni 100/3,46,2108.695652173913,0.2222222222222222,1,0,0,0,0,0,0,0,0,1,0,0,1,0,0,1,47.0035382,28.7782952,4664.22689304482
,4.0,2,10,9.0,Кишинёв мун.,Кишинёв,Ботаника,str. Valea Crucii 22,91,1384.6153846153845,0.9,0,0,0,0,0,0,0,0,0,0,0,1,0,0,0,0,46.988,28.854,0.0
,1.0,,16,7.0,Кишинёв мун.,Кишинёв,Буюканы,str. Eugen Coca 19,41,1914.6341463414635,0.4375,0,1,0,0,0,0,0,0,0,0,0,0,1,0,0,0,47.0280039,28.807931,1278.5451524479536
,3.0,1,5,2.0,Кишинёв мун.,Кишинёв,Рышкановка,str. Nicolae Dimo 29/3,62,1337.0967741935483,0.4,1,0,0,1,0,0,0,0,0,0,0,1,0,0,0,0,47.057681,28.8718578,1175.6235339147763
3.0,3.0,2,7,,Кишинёв мун.,Кишинёв,Центр,str. Nicolae Testemițanu 17/17,156,2557.6923076923076,,1,1,0,0,0,0,0,0,0,1,0,0,1,0,0,0,47.024,28.832,0.0
0.0,2.0,1,9,4.0,Кишинёв мун.,Кишинёв,Рышкановка,str. Tudor Vladimirescu 1/8,53,1620.754716981132,0.4444444444444444,1,1,1,0,0,0,0,0,0,1,0,0,1,0,0,0,47.049,28.863,0.0
4.0,3.0,,10,3.0,Кишинёв мун.,Кишинёв,Телецентр,str. Miorita 1/1,66,2042.4242424242425,0.3,0,0,0,0,0,0,0,0,0,1,0,0,1,0,0,0,47.003,28.817,0.0
3.0,1.0,1,4,3.0,Кишинёв мун.,Кишинёв,Рышкановка,ул. Думитру Рышкану 3,34,2261.764705882353,0.75,1,1,0,1,0,0,0,0,0,0,0,0,1,0,0,0,47.049,28.863,0.0
0.0,1.0,1,6,1.0,Кишинёв мун.,Дурлешты,Центр,str. Durlești 8,41,1438.6829268292684,0.16666666666666666,1,1,0,0,0,0,0,0,1,1,0,1,0,1,0,0,47.0446369,28.7457465,3136.297581269001
4.0,2.0,1,10,5.0,Кишинёв мун.,Кишинёв,Буюканы,str. Ioana Radu 27/6,46,2891.304347826087,0.5,0,1,0,0,0,0,0,0,0,1,0,0,1,0,0,0,47.0255545,28.7993489,1520.4632575343132
4.0,1.0,,15,5.0,Кишинёв мун.,Кишинёв,Центр,str. Nicolae Testemitanu 3,41,2804.878048780488,0.3333333333333333,0,1,0,0,0,1,0,0,0,1,0,0,1,0,0,0,47.0050764,28.8373139,2142.427542300693
4.0,2.0,,13,10.0,Кишинёв мун.,Кишинёв,Чокана,bd. Mircea cel Bătrân 46,65,2106.153846153846,0.7692307692307693,0,0,0,0,0,0,0,0,0,1,0,0,0,0,0,0,47.0585796,28.8924288,2524.1418308114776
4.0,3.0,,13,8.0,Кишинёв мун.,Кишинёв,Буюканы,str. Vissarion Belinski 61,85,1588.235294117647,0.6153846153846154,0,1,0,0,1,0,0,0,0,0,0,0,1,0,0,0,47.039,28.803,0.0
3.0,2.0,1,5,4.0,Кишинёв мун.,Кишинёв,Ботаника,bd. Cuza Vodă 38/2,56,2321.4285714285716,0.8,1,1,1,0,0,0,0,0,0,0,0,0,1,0,0,0,46.988,28.854,0.0
4.0,3.0,1,10,5.0,Кишинёв мун.,Кишинёв,Ботаника,str. Sarmizegetusa 53E,48,2333.3333333333335,0.5,1,0,0,0,0,0,0,0,0,1,0,0,1,0,0,0,46.988,28.854,0.0
3.0,3.0,2,3,3.0,Кишинёв мун.,Кишинёв,Телецентр,1-й пер. Чокырлией 5/1,115,3042.608695652174,1.0,0,1,0,0,0,0,0,0,0,1,0,0,1,1,0,0,47.003,28.817,0.0
0.0,1.0,1,15,13.0,Кишинёв мун.,Кишинёв,Центр,bd. Stefan cel Mare si Sfint 171/3,47,3934.0425531914893,0.8666666666666667,1,1,0,0,0,0,0,0,0,1,0,0,1,0,0,1,47.0352614,28.8125018,1937.0044570925766
0.0,1.0,1,9,4.0,Кишинёв мун.,Кишинёв,Телецентр,șos. Hâncești 142,41,1420.0,0.4444444444444444,0,0,0,0,0,0,0,0,0,1,0,1,0,0,0,0,46.9930088,28.785891,2607.72497798578
0.0,3.0,2,10,1.0,Кишинёв мун.,Кишинёв,Старая Почта,str. Ceucari 14,86,1206.0581395348838,0.1,1,1,0,0,0,0,0,0,0,1,0,1,0,0,0,0,47.061,28.806,0.0
4.0,2.0,1,9,3.0,Кишинёв мун.,Кишинёв,Центр,str. Grigore Alexandrescu 3/A,70,3712.8571428571427,0.3333333333333333,1,1,0,0,0,0,0,0,0,1,0,0,1,0,0,0,47.0212283,28.8057046,2016.947308461961
4.0,2.0,1,8,2.0,Кишинёв мун.,Кишинёв,Ботаника,ул. Ворничень 3,60,2983.3333333333335,0.25,1,1,0,0,0,0,0,0,0,1,0,1,0,0,0,0,46.988,28.854,0.0
4.0,2.0,2,8,1.0,Кишинёв мун.,Кишинёв,Телецентр,str. Nicolae Testemițanu 37,82,1826.8292682926829,0.125,1,1,0,1,0,0,0,0,0,1,0,1,0,0,0,0,47.003,28.817,0.0
4.0,1.0,1,13,3.0,Кишинёв мун.,Кишинёв,Центр,ул. Каля Ешилор 4,48,2916.6666666666665,0.23076923076923078,0,1,0,0,0,1,0,0,0,1,0,1,0,0,0,0,47.024,28.832,0.0
2.0,2.0,2,9,5.0,Кишинёв мун.,Кишинёв,Центр,Albisoara 76,52,1788.4615384615386,0.5555555555555556,1,0,0,0,0,0,0,0,0,0,0,0,0,0,0,0,47.024,28.832,0.0
4.0,2.0,1,10,9.0,Кишинёв мун.,Кишинёв,Центр,bd. Dimitrie Cantemir 3,52,1921.1538461538462,0.9,1,0,0,0,0,0,0,0,0,0,0,0,0,0,0,0,47.024,28.832,0.0
4.0,2.0,1,12,11.0,Кишинёв мун.,Кишинёв,Рышкановка,str-la 1 Florarii;str-la 1 Florării .,61,1901.639344262295,0.9166666666666666,0,0,0,0,0,0,0,0,0,1,0,0,0,0,0,0,47.049,28.863,0.0
4.0,2.0,1,5,2.0,Кишинёв мун.,Кишинёв,Ботаника,str. Grenoble 163/2,46,2086.9565217391305,0.4,1,0,0,0,1,0,0,0,0,0,0,1,0,0,0,0,46.988,28.854,0.0
3.0,1.0,1,5,4.0,Кишинёв мун.,Кишинёв,Буюканы,bd. Alba-Iulia 8/1,27,1925.9259259259259,0.8,0,1,1,0,0,0,0,0,0,0,0,0,0,0,0,0,47.039,28.803,0.0
0.0,3.0,2,12,8.0,Кишинёв мун.,Кишинёв,Ботаника,str. Grenoble 134/4,116,1502.9741379310344,0.6666666666666666,1,1,0,0,0,0,0,0,0,1,0,1,0,0,0,1,46.968168,28.8509597,2217.2476616188837
,2.0,1,13,13.0,Кишинёв мун.,Кишинёв,Центр,str. Ion Creangă 5/2,93,3387.0967741935483,1.0,1,1,0,0,0,0,0,0,0,1,0,1,0,0,0,0,47.024,28.832,0.0
,3.0,,12,7.0,Кишинёв мун.,Кишинёв,Телецентр,str. Ialoveni 100/2,82,1150.0,0.5833333333333334,0,1,0,0,0,0,0,0,0,1,0,1,0,0,0,0,47.0039073,28.778249,2940.2140751828106
4.0,1.0,,9,2.0,Кишинёв мун.,Кишинёв,Ботаника,str. Sarmizegetusa 94/1,24,1770.8333333333333,0.2222222222222222,0,0,0,0,0,0,0,0,0,0,0,0,0,0,0,0,46.988,28.854,0.0
4.0,2.0,1,12,7.0,Кишинёв мун.,Кишинёв,Чокана,str. Ginta Latina 12/12,80,2093.75,0.5833333333333334,1,1,0,0,0,0,0,0,0,1,0,0,0,0,0,0,47.036,28.889,0.0
3.0,3.0,2,5,1.0,Кишинёв мун.,Кишинёв,Буюканы,str. Buiucani 4,113,1398.2300884955753,0.2,0,1,0,0,0,0,0,0,0,0,0,0,1,0,0,0,47.0240747,28.8083341,1708.1469573300062
4.0,3.0,,6,4.0,Кишинёв мун.,Кишинёв,Буюканы,bd. Alba-Iulia 91/1,70,2212.8571428571427,0.6666666666666666,0,1,0,0,0,0,0,0,0,1,0,0,1,0,0,0,47.039,28.803,0.0
4.0,2.0,,13,12.0,Кишинёв мун.,Кишинёв,Скулянка,str. Calea Ieșilor 6,60,2900.0,0.9230769230769231,0,0,0,0,0,0,0,0,0,1,0,1,0,0,0,0,47.0433126,28.7934948,931.5385980680641
,1.0,,10,9.0,Кишинёв мун.,Кишинёв,Рышкановка,ул. Чеукарь 2/4,55,1618.1818181818182,0.9,0,0,0,0,0,0,0,0,0,1,0,0,1,0,0,0,47.049,28.863,0.0
,3.0,1,5,3.0,Кишинёв мун.,Кишинёв,Ботаника,bd. Dacia 58,93,1696.3440860215053,0.6,1,1,0,0,0,1,0,0,0,1,0,1,0,0,0,0,46.988,28.854,0.0
4.0,3.0,,10,10.0,Кишинёв мун.,Кишинёв,Центр,str. Nicolae Dimo 4/1,75,2653.3333333333335,1.0,1,0,0,0,0,1,0,0,0,1,0,1,0,0,0,0,47.024,28.832,0.0
0.0,1.0,1,6,6.0,Кишинёв мун.,Криково,Центр,str. Vasile Alescandri 5,48,1200.0,1.0,0,1,0,0,1,0,0,0,0,1,0,1,0,1,0,0,,,
4.0,2.0,1,5,1.0,Кишинёв мун.,Кишинёв,Ботаника,str. Nicolae Titulescu 10,55,1998.1818181818182,0.2,1,1,0,1,0,0,0,0,0,0,0,0,1,0,0,0,46.988,28.854,0.0
,2.0,2,9,8.0,Кишинёв мун.,Кишинёв,Ботаника,str. Grenoble 130,55,2000.0,0.8888888888888888,1,0,0,0,0,0,0,0,0,0,0,0,1,0,0,0,46.988,28.854,0.0
0.0,3.0,2,17,15.0,Кишинёв мун.,Кишинёв,Центр,bd. Ştefan cel Mare şi Sfânt 171/3,126,3960.3174603174602,0.8823529411764706,1,1,0,0,0,0,0,0,0,1,0,1,0,0,0,0,47.0352614,28.8125018,1937.0044570925766
4.0,1.0,1,9,4.0,Кишинёв мун.,Кишинёв,Центр,str. Gheorghe Cașu 30/E,47,2104.255319148936,0.4444444444444444,1,0,0,0,0,0,0,0,0,1,0,0,0,0,0,0,47.024,28.832,0.0
4.0,2.0,,10,8.0,Кишинёв мун.,Кишинёв,Чокана,bd. Mircea cel Bătrân 41/F,65,2907.6923076923076,0.8,0,1,0,0,0,0,0,0,0,1,0,0,0,0,0,0,47.036,28.889,0.0
0.0,2.0,1,9,4.0,Кишинёв мун.,Кишинёв,Центр,str. Nicolae Testemițanu 12a,8,18125.0,0.4444444444444444,1,1,0,0,0,1,0,0,0,1,0,1,0,0,0,0,47.0035094,28.8376427,2318.2650734692593
2.0,,1,2,2.0,Кишинёв мун.,Кишинёв,Буюканы,str. 27 Martie 1918 3,30,1750.0,1.0,1,0,0,1,0,0,0,0,0,0,0,0,1,0,0,0,47.039,28.803,0.0
,2.0,,9,4.0,Кишинёв мун.,Кишинёв,Буюканы,str. Ion Buzdugan 13,72,2401.3888888888887,0.4444444444444444,0,1,0,0,0,0,0,0,0,1,0,0,1,0,0,0,47.0386476,28.7597872,3274.88463606935
4.0,2.0,2,13,,Кишинёв мун.,Кишинёв,Рышкановка,bd. Moscova 9/5,130,3807.6923076923076,,1,1,0,0,0,0,0,0,0,1,0,0,0,0,0,1,47.049,28.863,0.0
4.0,3.0,,10,2.0,Кишинёв мун.,Кишинёв,Центр,str. Mihai Eminescu 63,86,3488.3720930232557,0.2,1,1,0,0,0,0,0,0,0,1,0,0,1,0,0,1,47.024,28.832,0.0
2.0,4.0,2,14,12.0,Кишинёв мун.,Кишинёв,Рышкановка,bd. Moscova 17/1,81,1419.7530864197531,0.8571428571428571,1,1,0,0,0,0,0,1,0,0,0,0,1,0,0,0,47.0551193,28.8642726,687.2317351848019
0.0,2.0,1,11,5.0,Кишинёв мун.,Кишинёв,Центр,str. Tecuci 3/1,64,1609.375,0.45454545454545453,1,0,0,0,0,0,0,0,0,1,0,0,1,0,0,0,47.024,28.832,0.0
0.0,3.0,2,17,15.0,Кишинёв мун.,Кишинёв,Центр,str. Constantin Stere 20,126,3960.3174603174602,0.8823529411764706,1,1,0,0,1,0,0,0,0,1,0,1,0,0,0,1,47.024,28.832,0.0
0.0,2.0,2,6,3.0,Кишинёв мун.,Криково,Центр,str. Chişinău 68,70,1221.7428571428572,0.5,0,1,0,1,0,0,0,0,0,1,0,1,0,0,0,1,,,
4.0,1.0,1,5,1.0,Кишинёв мун.,Кишинёв,Ботаника,str. Nikolai Zelinski 5/6,21,2485.714285714286,0.2,0,0,0,0,0,0,0,0,0,0,0,1,0,0,0,0,46.9909624,28.8680976,1118.8861659683992
0.0,2.0,2,10,3.0,Кишинёв мун.,Кишинёв,Буюканы,str. Onisifor Ghibu 10,52,2401.923076923077,0.3,0,0,0,0,0,0,0,0,0,1,0,1,0,0,0,1,47.039,28.803,0.0
4.0,1.0,1,5,3.0,Кишинёв мун.,Кишинёв,Ботаника,bd. Cuza Vodă 3,24,1979.1666666666667,0.6,0,0,0,0,0,0,0,0,0,0,0,1,0,0,0,0,46.988,28.854,0.0
4.0,2.0,1,14,4.0,Кишинёв мун.,Кишинёв,Буюканы,str. Vasile Lupu 28,72,2706.9444444444443,0.2857142857142857,1,1,0,0,0,0,0,0,0,1,0,0,0,0,0,0,47.0221197,28.8008688,1883.9410283209686
4.0,3.0,1,8,2.0,Кишинёв мун.,Кишинёв,Ботаника,str. Ghica Vodă 5,75,2653.3333333333335,0.25,0,1,0,0,0,0,0,0,0,1,0,0,0,0,0,0,46.9757031,28.8581079,1402.414193600739
4.0,3.0,3,7,,Кишинёв мун.,Кишинёв,Центр,str. Moara Rosie 5/D,145,3620.689655172414,,1,1,0,0,0,0,0,0,0,1,0,0,0,0,0,0,47.024,28.832,0.0
,2.0,,6,5.0,Кишинёв мун.,Кишинёв,Чокана,str. Vadul lui Vodă 62/2,45,1397.7777777777778,0.8333333333333334,0,0,0,0,0,0,0,0,0,0,0,0,0,0,0,0,47.036,28.889,0.0
0.0,3.0,1,11,3.0,Кишинёв мун.,Кишинёв,Буюканы,str. Vasile Lupu 28,86,2000.0,0.2727272727272727,1,1,0,0,0,0,1,0,0,1,0,0,1,0,0,1,47.0221197,28.8008688,1883.9410283209686
4.0,2.0,1,13,12.0,Кишинёв мун.,Кишинёв,Буюканы,str. Ion Creangă 5/4,75,2660.0,0.9230769230769231,1,1,0,0,0,0,0,0,0,1,0,1,0,0,0,1,47.039,28.803,0.0
4.0,2.0,2,10,2.0,Кишинёв мун.,Кишинёв,Центр,str. Albisoara;str. Albișoara 78/4,97,3494.8453608247423,0.2,0,1,0,0,0,0,0,0,0,1,0,1,0,0,0,0,47.024,28.832,0.0
0.0,1.0,1,6,4.0,Кишинёв мун.,Кишинёв,Буюканы,str. Bisericii 1,55,1388.290909090909,0.6666666666666666,0,1,0,0,0,0,0,0,0,1,0,1,0,0,0,0,47.039,28.803,0.0
,2.0,1,9,5.0,Кишинёв мун.,Кишинёв,Центр,str. Nicolae Testemitanu 12,83,1661.0843373493976,0.5555555555555556,1,1,0,0,0,0,0,0,0,1,0,1,0,0,0,0,47.024,28.832,0.0
4.0,3.0,2,9,7.0,Кишинёв мун.,Кишинёв,Рышкановка,str. Academician Sergiu Radautanu 3,117,2128.2051282051284,0.7777777777777778,1,1,0,0,0,0,0,0,0,1,0,0,1,0,0,1,47.0617032,28.871774,1561.1055251078267
4.0,2.0,2,13,9.0,Кишинёв мун.,Кишинёв,Буюканы,str. Vasile Lupu 28,75,2560.0,0.6923076923076923,1,1,0,0,0,0,0,0,0,1,0,0,0,0,0,1,47.0221197,28.8008688,1883.9410283209686
0.0,1.0,1,12,8.0,Кишинёв мун.,Дурлешты,Центр,str. Nicolae Dimo 88/1,54,1099.5925925925926,0.6666666666666666,1,1,0,0,0,0,0,0,0,1,0,1,0,0,0,1,47.019,28.763,0.0
0.0,2.0,2,6,3.0,Кишинёв мун.,Кишинёв,Буюканы,str. Durlești .,72,1450.0,0.5,0,0,0,0,0,0,0,0,0,1,0,0,0,0,0,0,47.0220111,28.7934118,2024.0354187848839
0.0,1.0,2,11,6.0,Кишинёв мун.,Кишинёв,Ботаника,str. Cetatea Alba .,42,1600.0,0.5454545454545454,1,0,0,0,0,0,0,0,0,1,0,0,0,0,0,0,46.988,28.854,0.0
0.0,1.0,1,4,3.0,Кишинёв мун.,Кишинёв,Телецентр,str. Ialoveni 102,42,1228.2619047619048,0.75,1,1,0,0,0,0,0,0,0,1,0,1,0,0,0,1,47.0027204,28.7750151,3183.8960279034072
0.0,2.0,2,12,1.0,Кишинёв мун.,Кишинёв,Ботаника,str. Grenoble 134/4,74,1498.9864864864865,0.08333333333333333,1,1,0,0,0,0,0,0,0,1,0,1,0,0,0,1,46.968168,28.8509597,2217.2476616188837
0.0,1.0,1,6,3.0,Кишинёв мун.,Кишинёв,Буюканы,str. Durlești .,44,1550.0,0.5,0,0,0,0,0,0,0,0,0,1,0,0,0,0,0,0,47.0220111,28.7934118,2024.0354187848839
0.0,2.0,1,4,2.0,Кишинёв мун.,Кишинёв,Телецентр,str. Ialoveni 102,72,1430.263888888889,0.5,1,1,0,0,0,0,0,0,0,1,0,1,0,0,0,1,47.0027204,28.7750151,3183.8960279034072
0.0,2.0,1,6,3.0,Кишинёв мун.,Кишинёв,Буюканы,str. Durlești .,52,1500.0,0.5,0,0,0,0,0,0,0,0,0,1,0,0,0,0,0,0,47.0220111,28.7934118,2024.0354187848839
,1.0,,14,4.0,Кишинёв мун.,Кишинёв,Старая Почта,str. Ceucari 11/1,47,1382.9787234042553,0.2857142857142857,0,1,0,0,0,0,0,0,0,1,0,1,0,0,0,0,47.0671618,28.8429777,2883.416986828092
0.0,1.0,1,12,5.0,Кишинёв мун.,Дурлешты,Центр,str. Nicolae Dimo 88,55,1097.0,0.4166666666666667,1,1,0,0,0,0,0,0,0,1,0,1,0,0,0,1,47.019,28.763,0.0
0.0,2.0,2,10,6.0,Кишинёв мун.,Дурлешты,Центр,str. Nicolae Dimo 24a,65,1100.0,0.6,1,1,0,0,0,0,0,0,0,1,0,1,0,0,0,1,47.0132668,28.7511952,1098.787581805104
0.0,2.0,1,16,3.0,Кишинёв мун.,Кишинёв,Рышкановка,str-la Studenților 18,64,1280.0,0.1875,1,1,0,0,0,0,0,0,0,1,0,1,0,0,0,1,47.067136,28.8464754,2373.551259248516
0.0,1.0,1,13,5.0,Кишинёв мун.,Кишинёв,Центр,str. Ghenadie Iablocikin 2/2,48,2500.0,0.38461538461538464,0,1,0,0,0,0,0,0,0,1,0,0,1,0,0,1,47.0391194,28.8086341,2441.8279254033523
,2.0,2,5,5.0,Кишинёв мун.,Кишинёв,Рышкановка,str. Dumitru Rîșcanu 33/1,60,1416.6666666666667,1.0,1,1,0,1,0,0,0,0,0,0,0,0,1,0,0,0,47.049,28.863,0.0
,2.0,,5,2.0,Кишинёв мун.,Кишинёв,Рышкановка,str. Andrei Doga 22,46,1815.2173913043478,0.4,1,0,0,0,0,0,0,0,0,0,0,1,0,0,0,0,47.049,28.863,0.0
,4.0,,5,2.0,Кишинёв мун.,Кишинёв,Ботаника,str. Independenței 8,120,965.8333333333334,0.4,1,1,0,1,0,0,0,0,0,0,0,1,0,0,0,0,46.9841739,28.8453931,779.2584126963488
0.0,2.0,,6,7.0,Кишинёв мун.,Криково,Центр,str. Burebista 2,76,978.7105263157895,1.1666666666666667,0,1,0,0,0,0,0,0,0,1,0,1,0,0,0,0,,,
0.0,3.0,2,13,13.0,Кишинёв мун.,Кишинёв,Старая Почта,ул. Язулуй 38,151,1650.0,1.0,1,1,0,0,0,0,0,0,0,1,0,1,0,0,0,1,47.061,28.806,0.0
0.0,1.0,1,10,5.0,Кишинёв мун.,Дурлешты,Центр,str. Nicolae Dimo 24a,43,1178.139534883721,0.5,1,1,0,0,0,0,0,0,0,1,0,1,0,0,0,1,47.0132668,28.7511952,1098.787581805104
0.0,2.0,2,18,14.0,Кишинёв мун.,Кишинёв,Ботаника,str. Dimineții 10a,67,1468.6567164179105,0.7777777777777778,0,0,0,0,0,0,0,0,0,1,0,1,0,0,0,1,46.988,28.854,0.0
0.0,2.0,2,10,2.0,Кишинёв мун.,Кишинёв,Чокана,ул. Вадул луй Водэ 30,82,1579.2682926829268,0.2,1,1,0,0,0,0,0,0,0,1,0,0,0,0,0,0,47.036,28.889,0.0
0.0,2.0,1,18,17.0,Кишинёв мун.,Кишинёв,Рышкановка,ул. Тудор Владимиреску 1,81,1492.5925925925926,0.9444444444444444,1,1,0,0,0,0,0,0,0,1,0,0,0,0,0,0,47.0349384,28.8617741,1566.335546926828
0.0,1.0,1,11,2.0,Кишинёв мун.,Кишинёв,Чокана,str. Bucovinei 1,52,1550.0,0.18181818181818182,1,1,0,0,0,0,0,0,0,1,0,0,0,0,0,0,47.036,28.889,0.0
0.0,2.0,,12,6.0,Кишинёв мун.,Кишинёв,Телецентр,str. Ialoveni 134,67,1080.0,0.5,0,1,0,0,0,0,0,0,0,1,0,1,0,0,0,0,47.0035211,28.7734542,3302.5919637248085
0.0,2.0,1,11,3.0,Кишинёв мун.,Кишинёв,Чокана,str. Bucovinei 1,75,1450.0,0.2727272727272727,1,1,0,0,0,0,0,0,0,1,0,0,0,0,0,0,47.036,28.889,0.0
0.0,2.0,,12,12.0,Кишинёв мун.,Кишинёв,Телецентр,str. Ialoveni 134,82,1070.0,1.0,0,1,0,0,0,0,0,0,0,1,0,1,0,0,0,0,47.0035211,28.7734542,3302.5919637248085
4.0,3.0,2,10,10.0,Кишинёв мун.,Кишинёв,Рышкановка,str. Bogdan Voievod 7,117,2221.3675213675215,1.0,0,1,0,0,0,0,0,0,0,1,0,0,0,0,0,0,47.049,28.863,0.0
4.0,2.0,1,8,2.0,Кишинёв мун.,Кишинёв,Центр,ул. Александру чел Бун 49/2,149,3288.5906040268455,0.25,1,1,0,0,0,0,0,0,0,1,0,0,0,0,0,0,47.024,28.832,0.0
0.0,2.0,1,9,1.0,Кишинёв мун.,Кишинёв,Центр,str. Melestiu 0,63,2857.1428571428573,0.1111111111111111,1,1,0,0,0,0,0,0,0,1,0,0,0,0,0,0,47.024,28.832,0.0
4.0,3.0,,9,6.0,Кишинёв мун.,Кишинёв,Буюканы,str. Durleşti 10/D,75,2052.0,0.6666666666666666,0,1,0,1,0,0,0,0,0,1,0,0,1,0,0,0,47.039,28.803,0.0
4.0,2.0,1,9,2.0,Кишинёв мун.,Кишинёв,Ботаника,str. Dimineții 22,72,1776.388888888889,0.2222222222222222,1,0,0,0,0,0,0,0,0,1,0,1,0,0,0,1,47.00349,28.8656429,1935.5606931256166
,2.0,,5,5.0,Кишинёв мун.,Кишинёв,Ботаника,str. Grenoble 161/4,47,1765.9574468085107,1.0,0,1,0,0,0,0,0,0,0,0,0,0,0,0,0,0,46.988,28.854,0.0
0.0,2.0,2,13,13.0,Кишинёв мун.,Кишинёв,Рышкановка,ул. Язулуй 38,126,1650.0,1.0,1,1,0,0,0,0,0,0,0,1,0,1,0,0,0,1,47.061,28.806,4519.590952648696
4.0,1.0,1,9,8.0,Кишинёв мун.,Кишинёв,Ботаника,ул. Гика Водэ 5,38,3131.5789473684213,0.8888888888888888,0,1,0,0,0,0,0,0,0,1,0,0,0,0,0,0,46.9757031,28.8581079,1402.414193600739
,2.0,,5,5.0,Кишинёв мун.,Кишинёв,Ботаника,str. Grenoble 161/4,47,1765.9574468085107,1.0,0,1,0,0,0,0,0,0,0,0,0,0,0,0,0,0,46.988,28.854,0.0
,,,5,4.0,Кишинёв мун.,Кишинёв,Буюканы,str. Doina și Ion Aldea-Teodorovici 12/2,24,1395.8333333333333,0.8,0,0,0,0,0,0,0,0,0,0,0,0,1,0,0,0,47.039,28.803,0.0
4.0,1.0,1,14,14.0,Кишинёв мун.,Кишинёв,Буюканы,str. Ghioceilor 2/1,69,1950.0,1.0,1,1,0,0,0,0,0,0,0,0,0,0,0,0,0,0,47.039,28.803,0.0
4.0,1.0,,5,3.0,Кишинёв мун.,Кишинёв,Чокана,str. Vasile Vărzaru 9,22,2040.909090909091,0.6,0,0,0,0,0,0,0,0,0,0,0,0,0,0,0,0,47.036,28.889,0.0
0.0,2.0,2,14,2.0,Кишинёв мун.,Кишинёв,Старая Почта,str. Ceucari 14,58,1245.6896551724137,0.14285714285714285,1,1,0,0,0,0,0,0,0,1,0,1,0,0,0,0,47.061,28.806,0.0
0.0,2.0,2,9,6.0,Кишинёв мун.,Кишинёв,Старая Почта,str. Ceucari 14,67,1472.8507462686566,0.6666666666666666,0,1,0,0,0,0,0,0,0,1,0,1,0,0,0,1,47.061,28.806,0.0
0.0,1.0,1,16,5.0,Кишинёв мун.,Кишинёв,Рышкановка,str-la Studenților 18,44,1330.0,0.3125,1,1,0,0,0,0,0,0,0,1,0,1,0,0,0,1,47.067136,28.8464754,2373.551259248516
,2.0,2,14,13.0,Кишинёв мун.,Кишинёв,Старая Почта,str. Ceucari 14,63,1380.0,0.9285714285714286,1,0,0,0,0,0,0,0,0,1,0,1,0,0,0,0,47.061,28.806,0.0
0.0,1.0,1,16,12.0,Кишинёв мун.,Кишинёв,Ботаника,str. Grădina Botanică 18/1,48,1508.3333333333333,0.75,1,0,0,0,0,0,0,0,0,1,0,1,0,0,0,0,46.977355,28.8786586,2213.631260361519
4.0,1.0,1,9,9.0,Кишинёв мун.,Кишинёв,Чокана,str. Ginta Latină --,35,1771.4285714285713,1.0,1,0,0,0,0,0,0,0,0,0,0,0,0,0,0,0,47.036,28.889,0.0
0.0,1.0,1,7,3.0,Кишинёв мун.,Дурлешты,Центр,str. Regina Elisabeta ,45,1544.4444444444443,0.42857142857142855,1,0,0,0,0,0,0,0,0,1,0,0,0,0,0,1,47.019,28.763,0.0
0.0,1.0,1,5,4.0,Кишинёв мун.,Кишинёв,Буюканы,str. Bisericii 1,52,1527.3076923076924,0.8,1,1,0,0,0,0,0,0,0,1,0,1,0,0,0,0,47.039,28.803,0.0
0.0,3.0,3,12,12.0,Кишинёв мун.,Кишинёв,Ботаника, str. Grenoble  134/2,133,2004.0601503759399,1.0,1,0,0,0,0,0,0,0,0,1,0,0,0,0,0,0,46.988,28.854,0.0
0.0,1.0,1,9,7.0,Кишинёв мун.,Кишинёв,Телецентр,șos. Hâncești 142,45,1442.2222222222222,0.7777777777777778,0,0,0,0,0,0,0,0,0,1,0,1,0,0,0,0,46.9930088,28.785891,2607.72497798578
4.0,1.0,1,10,,Кишинёв мун.,Кишинёв,Старая Почта,str. Poștei 53,31,2222.5806451612902,,0,0,0,0,0,0,0,0,0,1,0,0,0,0,0,0,47.061,28.806,0.0
0.0,1.0,1,6,1.0,Кишинёв мун.,Кишинёв,Буюканы,str. Bisericii 1,36,1627.5,0.16666666666666666,1,1,0,0,0,0,0,0,0,1,0,1,0,0,0,1,47.039,28.803,0.0
,2.0,,12,5.0,Кишинёв мун.,Кишинёв,Ботаника,str. Grenoble 134/2,69,1500.0,0.4166666666666667,0,0,0,0,0,0,0,0,0,1,0,1,0,0,0,0,46.988,28.854,0.0
0.0,1.0,1,9,6.0,Кишинёв мун.,Кишинёв,Старая Почта,str. Socoleni .,49,1416.3265306122448,0.6666666666666666,0,1,0,0,0,0,0,0,0,1,0,0,0,0,0,0,47.061,28.806,0.0
0.0,2.0,2,6,1.0,Кишинёв мун.,Криково,Центр,str. Chişinău 68,70,1201.7142857142858,0.16666666666666666,0,1,0,1,0,0,0,0,0,1,0,1,0,0,0,1,,,
4.0,5.0,3,13,12.0,Кишинёв мун.,Кишинёв,Ботаника,str. Grenoble  259/2,352,2244.318181818182,0.9230769230769231,0,0,0,0,0,0,0,0,0,1,0,0,0,0,0,0,46.988,28.854,0.0
4.0,1.0,1,9,1.0,Кишинёв мун.,Кишинёв,Чокана,ул. Джинта Латинэ 5,43,1904.6511627906978,0.1111111111111111,0,1,0,0,0,0,0,0,0,0,0,0,0,0,0,0,47.036,28.889,0.0
4.0,2.0,2,16,12.0,Кишинёв мун.,Кишинёв,Старая Почта,ул. Студенческая .,77,1974.025974025974,0.75,0,1,0,0,0,0,0,0,0,1,0,0,0,0,0,0,47.061,28.806,0.0
,3.0,2,14,3.0,Кишинёв мун.,Кишинёв,Старая Почта,str. Ceucari 14,82,1208.8170731707316,0.21428571428571427,1,1,0,0,0,0,0,0,0,1,0,1,0,0,0,0,47.061,28.806,0.0
4.0,4.0,2,5,4.0,Кишинёв мун.,Кишинёв,Телецентр,str. Academiei /,148,1216.2162162162163,0.8,1,0,0,1,0,0,0,0,0,0,0,0,0,0,0,0,47.003,28.817,0.0
0.0,2.0,2,9,7.0,Кишинёв мун.,Кишинёв,Чокана,str. Nicolae Sulac 14,70,1750.0,0.7777777777777778,1,0,0,0,0,0,0,0,0,1,0,1,0,0,0,1,47.0608803,28.8961249,2818.7377655528535
,1.0,1,10,4.0,Кишинёв мун.,Кишинёв,Буюканы,str. Lipcani /,43,2050.0,0.4,1,0,0,0,0,0,0,0,0,1,0,0,0,0,0,0,47.039,28.803,0.0
0.0,1.0,1,6,1.0,Кишинёв мун.,Кишинёв,Буюканы,str. Bisericii 1,40,1655.0,0.16666666666666666,0,1,0,0,0,0,0,0,0,1,0,1,0,0,0,0,47.039,28.803,0.0
0.0,2.0,2,9,6.0,Кишинёв мун.,Кишинёв,Старая Почта,str. Ceucari 14,71,1241.1971830985915,0.6666666666666666,0,1,0,0,0,0,0,0,0,1,0,1,0,0,0,1,47.061,28.806,0.0
4.0,3.0,2,5,4.0,Кишинёв мун.,Кишинёв,Рышкановка,str-la Studenților 11/1,70,1500.0,0.8,0,0,0,0,0,0,0,0,0,0,0,1,0,0,0,0,47.049,28.863,0.0
4.0,2.0,2,9,4.0,Кишинёв мун.,Кишинёв,Чокана,str. Petru Zadnipru 7/4,52,1875.0,0.4444444444444444,1,0,0,0,0,0,0,0,0,0,0,0,1,0,0,0,47.036,28.889,0.0
4.0,1.0,1,11,8.0,Кишинёв мун.,Кишинёв,Буюканы, bd. Alba Iulia  1,50,2500.0,0.7272727272727273,0,0,0,0,0,0,0,0,0,1,0,0,0,0,0,0,47.039,28.803,0.0
0.0,2.0,2,13,12.0,Кишинёв мун.,Кишинёв,Центр,str. Petru Rareș 55/1,81,1451.79012345679,0.9230769230769231,1,0,0,0,0,0,0,0,0,1,0,0,0,0,0,0,47.024,28.832,0.0
0.0,1.0,1,11,2.0,Кишинёв мун.,Кишинёв,Телецентр,str. Ialoveni 106,48,1195.8333333333333,0.18181818181818182,1,1,0,0,0,0,0,0,0,1,0,1,0,0,0,1,47.0042366,28.7772276,3019.0589597621
0.0,2.0,,16,11.0,Кишинёв мун.,Кишинёв,Ботаника,str. Grădina Botanică 18,67,1700.0,0.6875,0,0,0,0,0,0,0,0,0,1,0,0,0,0,0,0,46.988,28.854,0.0
0.0,3.0,,10,10.0,Кишинёв мун.,Кишинёв,Рышкановка,str. Tudor Vladimirescu -1/8,107,1650.0,1.0,0,0,0,0,0,0,0,0,0,1,0,0,0,0,0,0,47.049,28.863,0.0
0.0,1.0,1,8,2.0,Кишинёв мун.,Дурлешты,Центр,str. Regina Elizabeta *,44,1475.0,0.25,1,0,0,0,0,0,0,0,0,1,0,0,0,0,0,1,47.019,28.763,0.0
0.0,3.0,2,16,7.0,Кишинёв мун.,Кишинёв,Ботаника,şos. Munceşti 94,110,1400.0,0.4375,0,1,0,0,0,0,0,0,0,1,0,1,0,0,0,0,47.0054424,28.8668156,2169.407332980258
0.0,1.0,1,12,4.0,Кишинёв мун.,Дурлешты,Центр,str. Mihail Odatiuc 36,47,1308.5744680851064,0.3333333333333333,1,1,0,0,0,0,0,0,0,1,0,1,0,0,0,1,47.0065254,28.7601795,1403.498573648147
0.0,2.0,1,12,1.0,Кишинёв мун.,Дурлешты,Центр,str. Mihail Odatiuc 36,72,1050.138888888889,0.08333333333333333,1,1,0,0,0,0,0,0,0,1,0,1,0,0,0,1,47.0065254,28.7601795,1403.498573648147
,1.0,,10,9.0,Кишинёв мун.,Дурлешты,Центр,ул. Николае Димо 24,43,2137.2093023255816,0.9,0,1,0,0,0,0,0,0,0,1,0,0,0,0,0,0,47.019,28.763,0.0
0.0,2.0,2,13,7.0,Кишинёв мун.,Кишинёв,Ботаника,str. Dimineții 20/1,60,1650.0,0.5384615384615384,0,0,0,0,0,0,0,0,0,1,0,1,0,0,0,1,47.0036931,28.8659291,1965.5794081760969
0.0,1.0,2,9,4.0,Кишинёв мун.,Кишинёв,Ботаника,bd. Dacia 60/5,51,1600.0,0.4444444444444444,1,0,0,0,0,0,0,0,0,1,0,1,0,0,0,0,46.988,28.854,0.0
4.0,2.0,1,12,6.0,Кишинёв мун.,Кишинёв,Чокана,str. Nicolae Sulac 8A,77,1844.155844155844,0.5,0,0,0,0,0,0,0,0,0,1,0,0,0,0,0,0,47.036,28.889,0.0
0.0,2.0,2,6,4.0,Кишинёв мун.,Криково,Центр,str. Chişinău 68,69,1221.768115942029,0.6666666666666666,0,1,0,1,0,0,0,0,0,1,0,1,0,0,0,1,,,
,2.0,2,10,3.0,Кишинёв мун.,Кишинёв,Старая Почта,str. Ceucari 14,80,1247.5,0.3,1,0,0,0,0,0,0,0,0,1,0,1,0,0,0,0,47.061,28.806,0.0
,1.0,,6,4.0,Кишинёв мун.,Кишинёв,Чокана,str. Vadul lui Voda;str. Vadul lui Vodă 30/1,30,1933.3333333333333,0.6666666666666666,0,0,0,0,0,0,0,0,0,1,0,0,0,0,0,0,47.036,28.889,0.0
,2.0,,5,1.0,Кишинёв мун.,Кишинёв,Ботаника,str. Nicolae Titulescu 32,42,1783.3333333333333,0.2,0,0,0,0,0,0,0,0,0,0,0,0,0,0,0,0,46.988,28.854,0.0
,2.0,,2,2.0,Кишинёв мун.,Кишинёв,Телецентр,str. Mihail Lomonosov 8b,40,1597.5,1.0,0,0,0,0,0,0,0,0,0,0,0,0,0,0,0,0,47.003,28.817,0.0
,2.0,,5,4.0,Кишинёв мун.,Кишинёв,Телецентр,str. Miorița 10,42,2140.4761904761904,0.8,0,1,0,0,0,0,0,0,0,0,0,0,0,0,0,0,46.9968076,28.8088531,925.1055767460189
0.0,3.0,2,11,8.0,Кишинёв мун.,Кишинёв,Телецентр,str. Ialoveni 136/B,83,1192.7710843373493,0.7272727272727273,0,1,0,0,0,0,0,0,0,1,0,0,0,0,0,0,47.003,28.817,0.0
4.0,1.0,1,10,8.0,Кишинёв мун.,Кишинёв,Буюканы,str. Ioana Radu 27/7,54,2814.814814814815,0.8,0,1,0,0,0,0,0,0,0,1,0,0,1,0,0,1,47.0250258,28.8001764,1568.5269476421738
4.0,2.0,1,5,5.0,Кишинёв мун.,Ставчены,Центр,str. Florilor 3,62,1588.7096774193549,1.0,1,0,0,0,0,0,0,0,0,0,0,0,0,0,0,0,47.096,28.867,0.0
0.0,2.0,,7,7.0,Кишинёв мун.,Кишинёв,Телецентр,str. Schinoasa-Vale 3,80,1450.0,1.0,1,1,0,0,0,0,0,0,0,1,0,1,0,0,0,1,46.988838,28.810077,1659.9654907431452
,2.0,,9,4.0,Кишинёв мун.,Кишинёв,Ботаника,bd. Dacia ---,80,1458.75,0.4444444444444444,0,0,0,0,0,0,0,0,0,1,0,0,0,0,0,0,46.9784264,28.8684513,1528.0744771140648
4.0,3.0,2,9,8.0,Кишинёв мун.,Кишинёв,Ботаника,şos. Munceşti 788,70,1570.0,0.8888888888888888,1,0,0,0,0,0,0,0,0,0,0,0,0,0,0,0,46.9414127,28.9366207,8132.884774401674
0.0,2.0,1,9,4.0,Кишинёв мун.,Кишинёв,Рышкановка,strada Calea Mosilor 4,45,1510.111111111111,0.4444444444444444,0,1,0,0,0,0,0,0,0,1,0,1,0,0,0,1,47.049,28.863,0.0
0.0,1.0,1,14,7.0,Кишинёв мун.,Кишинёв,Старая Почта,str. Ceucari 14,46,1413.391304347826,0.5,1,1,0,0,0,0,0,0,0,1,0,1,0,0,0,1,47.061,28.806,0.0
0.0,3.0,,7,2.0,Кишинёв мун.,Кишинёв,Буюканы,str. Durleşti 4,88,1471.590909090909,0.2857142857142857,0,1,0,0,0,0,0,0,0,1,0,0,0,0,0,0,47.039,28.803,0.0
0.0,2.0,,16,15.0,Кишинёв мун.,Кишинёв,Ботаника,str. Grădina Botanică -,65,1600.0,0.9375,0,0,0,0,0,0,0,0,0,1,0,0,0,0,0,0,46.988,28.854,0.0
2.0,1.0,,5,2.0,Кишинёв мун.,Кишинёв,Ботаника,str. Independenței 10/1,36,1747.2222222222222,0.4,0,0,0,1,0,0,0,0,0,0,0,0,0,0,0,0,46.988,28.854,0.0
1.0,3.0,1,9,3.0,Кишинёв мун.,Кишинёв,Ботаника,bd. Cuza Vodă 17/4,75,1259.3333333333333,0.3333333333333333,1,0,0,0,0,0,0,1,0,0,0,0,1,0,0,0,46.988,28.854,0.0
4.0,2.0,,9,5.0,Кишинёв мун.,Кишинёв,Центр,str. Pavel Boțu 9,47,2234.0425531914893,0.5555555555555556,1,0,0,0,0,0,0,0,0,1,0,0,0,0,0,0,47.024,28.832,0.0
3.0,2.0,1,6,5.0,Кишинёв мун.,Кишинёв,Центр,пр-т Григория Виеру 21/2,42,1333.3333333333333,0.8333333333333334,1,1,1,0,0,0,0,0,0,0,0,0,1,0,0,0,47.024,28.832,0.0
4.0,2.0,,16,8.0,Кишинёв мун.,Кишинёв,Ботаника,bd. Dacia 34/1,60,1915.0,0.5,0,0,0,0,0,0,0,0,0,0,0,0,0,0,0,0,46.988,28.854,0.0
4.0,3.0,,10,4.0,Кишинёв мун.,Кишинёв,Чокана,bd. Mircea cel Bătrân 39,85,2158.823529411765,0.4,0,0,0,0,0,0,0,0,0,1,0,0,0,0,0,0,47.0558209,28.8902283,2205.9476356701675
4.0,2.0,2,8,4.0,Кишинёв мун.,Дурлешты,Окраина,str. Nicolae Dimo 24,80,1812.5,0.5,1,1,0,0,0,0,0,0,0,1,0,0,1,1,0,0,47.019,28.763,0.0
0.0,2.0,,16,4.0,Кишинёв мун.,Кишинёв,Ботаника,str. Grădina Botanică 18/1,68,1807.3529411764705,0.25,1,0,0,0,0,0,0,0,0,1,0,0,1,0,0,0,46.977355,28.8786586,2213.631260361519
0.0,3.0,2,15,9.0,Кишинёв мун.,Кишинёв,Старая Почта,str. Ceucari 14,81,1317.283950617284,0.6,1,1,0,0,0,0,0,0,0,1,0,1,0,0,0,1,47.061,28.806,0.0
0.0,2.0,2,11,6.0,Кишинёв мун.,Кишинёв,Ботаника,str. Grenoble 134/4,63,1550.0,0.5454545454545454,1,0,0,0,0,0,0,0,0,1,0,1,0,0,0,1,46.968168,28.8509597,2217.2476616188837
4.0,3.0,1,5,2.0,Кишинёв мун.,Кишинёв,Ботаника,str. Nikolai Zelinski 12,60,1998.3333333333333,0.4,1,1,0,0,0,0,0,0,0,0,0,0,1,0,0,0,46.9927753,28.8615461,780.7336176760042
,2.0,,9,8.0,Кишинёв мун.,Кишинёв,Рышкановка,bd. Moscova 28,51,1754.9019607843138,0.8888888888888888,0,0,0,0,0,0,0,0,0,0,0,0,0,0,0,0,47.049,28.863,0.0
0.0,1.0,1,16,13.0,Кишинёв мун.,Кишинёв,Ботаника,str. Grădina Botanică 18/1,48,1560.4166666666667,0.8125,1,0,0,0,0,0,0,0,0,1,0,1,0,0,0,0,46.977355,28.8786586,2213.631260361519
0.0,1.0,1,9,1.0,Кишинёв мун.,Кишинёв,Телецентр,șos. Hâncești 142,38,1420.0263157894738,0.1111111111111111,0,1,0,0,0,0,0,0,0,1,0,1,0,0,0,0,46.9930088,28.785891,2607.72497798578
2.0,2.0,2,5,2.0,Кишинёв мун.,Кишинёв,Телецентр,str. Gheorghe Asachi 62,60,1498.3333333333333,0.4,1,0,0,0,0,0,0,0,0,0,0,0,0,0,0,0,47.003,28.817,0.0
4.0,2.0,1,5,3.0,Кишинёв мун.,Кишинёв,Ботаника,ул. Индепенденцей 9/1,47,2551.063829787234,0.6,1,0,0,0,0,0,0,0,0,0,0,0,1,0,0,0,46.988,28.854,0.0
3.0,3.0,2,11,5.0,Кишинёв мун.,Кишинёв,Центр,str. Ion Vasilenco 38,112,2115.1785714285716,0.45454545454545453,1,1,0,0,0,0,1,0,0,1,0,0,1,0,0,0,47.024,28.832,0.0
0.0,1.0,1,5,4.0,Кишинёв мун.,Кишинёв,Буюканы,str. Gheorghe Codreanu 77,54,1500.0,0.8,1,1,0,0,1,0,0,0,0,1,0,1,0,0,0,1,47.039,28.803,0.0
0.0,1.0,1,8,6.0,Кишинёв мун.,Кишинёв,Телецентр,sos. Hincesti 142,45,1308.888888888889,0.75,0,1,0,0,0,0,0,0,0,1,0,1,0,0,0,1,46.9980787,28.8078475,883.848218632378
4.0,2.0,1,6,1.0,Кишинёв мун.,Кишинёв,Телецентр,str-la 2 Ciocârliei 4/3,80,2687.5,0.16666666666666666,1,1,0,0,0,0,0,0,0,1,0,0,0,0,0,0,47.003,28.817,0.0
4.0,2.0,1,10,9.0,Кишинёв мун.,Кишинёв,Ботаника,Independentei  28,55,2634.5454545454545,0.9,1,1,0,0,0,0,0,0,0,1,0,0,0,0,0,0,46.988,28.854,0.0
4.0,2.0,,11,3.0,Кишинёв мун.,Кишинёв,Центр,str. Nicolae Testemitanu 23/1,63,2007.936507936508,0.2727272727272727,1,0,1,0,0,0,0,0,0,1,0,1,0,0,0,0,46.9957628,28.8346672,3146.339183497275
4.0,3.0,1,5,3.0,Кишинёв мун.,Кишинёв,Ботаника,ул. Гренобле 205/2,70,1792.857142857143,0.6,1,0,0,0,0,0,0,0,0,0,0,0,0,0,0,0,46.9763539,28.8477002,1380.3562425986938
0.0,3.0,1,8,2.0,Кишинёв мун.,Дурлешты,Центр,str.Regina Elisabeta *,89,1000.0,0.25,1,1,0,0,0,0,0,0,0,1,0,1,0,0,0,1,47.019,28.763,0.0
0.0,2.0,1,7,2.0,Кишинёв мун.,Дурлешты,Центр,str. Regina Elisabeta *,68,1070.0,0.2857142857142857,1,1,0,0,0,0,0,0,0,1,0,1,0,0,0,1,47.0054813,28.7621415,1504.619380734278
4.0,1.0,,4,3.0,Кишинёв мун.,Кишинёв,Рышкановка,Dumitru Riscanu  4,33,2348.4848484848485,0.75,0,0,0,0,0,0,0,0,0,0,0,0,0,0,0,0,47.049,28.863,0.0
4.0,2.0,1,12,10.0,Кишинёв мун.,Кишинёв,Чокана, bd. Mircea cel Bătrân 41,65,3075.3846153846152,0.8333333333333334,1,0,0,0,0,0,0,0,0,1,0,0,0,0,0,1,47.0580803,28.8907679,2458.868608146336
,3.0,2,10,9.0,Кишинёв мун.,Кишинёв,Рышкановка,bd. Moscova 4/4,75,3000.0,0.9,1,1,0,0,0,0,0,0,0,1,0,0,0,0,0,1,47.049,28.863,0.0
0.0,2.0,2,6,3.0,Кишинёв мун.,Кишинёв,Центр,str. Moara Roșie 5,102,2303.921568627451,0.5,1,1,1,0,0,0,0,0,0,1,0,0,0,0,0,1,47.034466,28.8381671,1254.1280969807476
4.0,1.0,1,6,1.0,Кишинёв мун.,Кишинёв,Буюканы,ул. Ливиу Деляну 10/2,50,2100.0,0.16666666666666666,0,1,0,0,0,0,0,0,0,1,0,0,0,0,0,0,47.039,28.803,0.0
4.0,3.0,2,13,7.0,Кишинёв мун.,Кишинёв,Буюканы,ул. Василе Лупу 28,90,2611.1111111111113,0.5384615384615384,1,1,0,0,0,0,0,0,0,1,0,0,0,0,0,0,47.0221197,28.8008688,1883.9410283209686
4.0,2.0,1,9,6.0,Кишинёв мун.,Дурлешты,Окраина,str. Cartuşa 95/3,70,1812.857142857143,0.6666666666666666,1,1,0,0,0,0,0,0,0,1,0,0,0,0,0,0,47.0155738,28.7461215,1335.0743858904516
4.0,2.0,1,10,9.0,Кишинёв мун.,Кишинёв,Рышкановка,ул. Албишоара 72/5,52,2499.0384615384614,0.9,1,1,0,0,0,0,0,0,0,1,0,0,0,0,0,0,47.049,28.863,0.0
4.0,1.0,1,9,3.0,Кишинёв мун.,Кишинёв,Телецентр,ул. Яловень 38/1,31,2564.516129032258,0.3333333333333333,1,0,0,0,0,0,0,0,0,1,0,0,0,0,0,0,47.003,28.817,0.0
4.0,1.0,1,14,10.0,Кишинёв мун.,Кишинёв,Телецентр,str. Ialoveni 136,54,2220.3703703703704,0.7142857142857143,0,1,0,0,0,0,0,0,0,1,0,0,0,0,0,0,47.0038563,28.7718893,3422.064363855485
4.0,1.0,1,10,8.0,Кишинёв мун.,Кишинёв,Ботаника,str. Bacioii Noi 14,36,2219.4444444444443,0.8,1,1,0,0,0,0,0,0,0,1,0,0,0,0,0,0,46.988,28.854,0.0
4.0,3.0,1,5,2.0,Кишинёв мун.,Кишинёв,Ботаника,ул. Николай Зелински 12,60,1998.3333333333333,0.4,1,0,0,0,0,0,0,0,0,0,0,0,0,0,0,0,46.988,28.854,0.0
4.0,2.0,2,13,7.0,Кишинёв мун.,Кишинёв,Буюканы,str. Vasile Lupu 28a,71,2746.478873239437,0.5384615384615384,1,1,0,0,0,0,0,0,0,1,0,0,0,0,0,0,47.039,28.803,0.0
4.0,2.0,2,13,7.0,Кишинёв мун.,Кишинёв,Буюканы,str. Vasile Lupu 28a,71,2521.1267605633802,0.5384615384615384,1,1,0,0,0,0,0,0,0,1,0,0,0,0,0,0,47.039,28.803,0.0
4.0,3.0,2,14,11.0,Кишинёв мун.,Кишинёв,Чокана,str. Nicolae Sulac 4,120,1991.6666666666667,0.7857142857142857,1,1,0,0,0,0,0,0,0,1,0,0,0,0,0,0,47.036,28.889,0.0
4.0,3.0,2,8,7.0,Кишинёв мун.,Кишинёв,Старая Почта,str. Ceucari 5/1,120,1500.0,0.875,1,1,0,0,0,0,0,0,0,1,0,0,0,0,0,0,47.061,28.806,0.0
4.0,3.0,3,5,3.0,Кишинёв мун.,Кишинёв,Буюканы,ул. Штефан Няга 20,185,2486.4864864864867,0.6,1,1,1,0,0,0,0,0,0,1,0,0,0,0,0,1,47.039,28.803,0.0
4.0,2.0,1,4,3.0,Кишинёв мун.,Кишинёв,Ботаника,ул. Николай Зелински 5/4,40,2122.5,0.75,0,0,0,0,0,0,0,0,0,0,0,0,0,0,0,0,46.988,28.854,0.0
4.0,2.0,2,4,2.0,Кишинёв мун.,Кишинёв,Центр,bd. Stefan cel Mare si Sfint 132,75,4666.666666666667,0.5,0,1,0,0,0,0,0,0,0,1,0,0,0,0,0,0,47.0219861,28.8367,420.8032393698015
4.0,2.0,1,12,11.0,Кишинёв мун.,Кишинёв,Рышкановка,str. Cornesti 11,65,2690.769230769231,0.9166666666666666,1,1,0,0,0,0,0,0,0,1,0,0,0,0,0,0,47.049,28.863,0.0
0.0,2.0,2,14,11.0,Кишинёв мун.,Кишинёв,Центр,str. Nicolae Testemitanu 19,65,1950.0,0.7857142857142857,1,0,1,0,0,0,0,0,0,1,0,0,0,0,0,0,47.024,28.832,0.0
4.0,2.0,1,12,10.0,Кишинёв мун.,Кишинёв,Чокана,пр-т Мирча чел Бэтрын 41/A,67,2983.582089552239,0.8333333333333334,1,1,0,0,0,0,0,0,0,1,0,0,0,0,0,1,47.036,28.889,0.0
4.0,2.0,1,10,2.0,Кишинёв мун.,Кишинёв,Буюканы,str. Onisifor Ghibu 10,65,3383.076923076923,0.2,0,1,0,0,0,0,0,0,0,1,0,0,0,0,0,0,47.039,28.803,0.0
4.0,2.0,1,9,7.0,Кишинёв мун.,Кишинёв,Центр,str. Mitropolit Dosoftei 100,55,3545.4545454545455,0.7777777777777778,1,1,0,0,0,0,0,0,0,0,0,0,0,0,0,0,47.024,28.832,0.0
4.0,2.0,1,10,6.0,Кишинёв мун.,Кишинёв,Буюканы,ул. Иоана Раду 27/1,70,2678.5714285714284,0.6,1,1,1,0,0,0,0,0,0,1,0,0,0,0,0,1,47.039,28.803,0.0
4.0,2.0,1,12,8.0,Кишинёв мун.,Кишинёв,Центр,str. Nicolae Testemitanu; 17/1,65,2546.153846153846,0.6666666666666666,1,1,1,0,0,0,0,0,0,1,0,0,0,0,0,0,47.024,28.832,0.0
4.0,1.0,1,11,3.0,Кишинёв мун.,Кишинёв,Центр,ул. Николае Тестемицану 23/1,63,2007.936507936508,0.2727272727272727,1,1,0,0,0,0,0,0,0,1,0,0,0,0,0,0,47.024,28.832,0.0
4.0,2.0,1,11,9.0,Кишинёв мун.,Кишинёв,Центр,ул. Николае Тестемицану 3/3,62,2669.3548387096776,0.8181818181818182,1,1,1,0,0,0,0,0,0,1,0,0,0,0,0,0,46.9985465,28.8356087,2843.4942101224906
4.0,2.0,2,14,5.0,Кишинёв мун.,Кишинёв,Рышкановка,бул. Москова 9/5,75,4105.333333333333,0.35714285714285715,1,1,0,0,0,0,0,0,0,1,0,0,0,0,0,1,47.049,28.863,0.0
4.0,2.0,1,8,7.0,Кишинёв мун.,Кишинёв,Ботаника,пер. Гика Водэ 5,55,2616.3636363636365,0.875,0,1,0,0,0,0,0,0,0,1,0,0,0,0,0,0,46.988,28.854,0.0
4.0,2.0,2,14,12.0,Кишинёв мун.,Кишинёв,Центр,ул. Николае Тестемицану 19,76,3393.4210526315787,0.8571428571428571,1,1,1,0,0,0,0,0,0,1,0,0,0,0,0,1,46.9969768,28.8373602,3032.201956435011
4.0,2.0,1,4,3.0,Кишинёв мун.,Кишинёв,Центр,пр-т Штефан чел Маре ши Сфынт 132,75,4466.666666666667,0.75,1,1,0,1,0,0,0,0,0,0,0,0,0,0,0,0,47.024,28.832,0.0
4.0,3.0,1,11,6.0,Кишинёв мун.,Кишинёв,Чокана,bd. Mircea cel Bătrân 43/F,95,2289.4736842105262,0.5454545454545454,1,1,1,0,0,0,0,0,0,1,0,0,0,0,0,1,47.036,28.889,0.0
4.0,3.0,2,15,10.0,Кишинёв мун.,Кишинёв,Рышкановка,Matei Basarab  .,97,2525.773195876289,0.6666666666666666,1,1,0,0,0,0,0,0,0,1,0,0,0,0,0,0,47.049,28.863,0.0
4.0,,1,5,3.0,Кишинёв мун.,Кишинёв,Ботаника,Burebista .,17,2088.235294117647,0.6,0,0,0,0,0,0,0,0,0,0,0,0,0,0,0,0,46.988,28.854,0.0
4.0,2.0,1,5,2.0,Кишинёв мун.,Кишинёв,Чокана,str. Movileni 26,50,1800.0,0.4,1,1,0,0,0,0,0,0,0,1,0,0,1,0,0,0,47.036,28.889,0.0
0.0,2.0,2,6,3.0,Кишинёв мун.,Дурлешты,Центр,str. Durlești 8,76,1353.0263157894738,0.5,1,1,0,0,0,0,0,0,1,1,0,1,0,1,0,0,47.0446369,28.7457465,3136.297581269001
4.0,1.0,1,7,2.0,Кишинёв мун.,Кишинёв,Центр,str. Lev Tolstoi 13,46,2826.086956521739,0.2857142857142857,1,1,0,0,0,0,0,0,0,1,0,1,0,0,0,0,47.024,28.832,0.0
0.0,1.0,1,15,3.0,Кишинёв мун.,Кишинёв,Старая Почта,str. Ceucari 14,46,1391.695652173913,0.2,0,0,0,0,0,0,0,0,0,1,0,1,0,0,0,0,47.061,28.806,0.0
1.0,,2,9,1.0,Кишинёв мун.,Кишинёв,Чокана,str. Alecu Russo 61/4,41,924.390243902439,0.1111111111111111,1,0,0,0,0,0,0,1,0,0,0,0,0,0,0,0,47.036,28.889,0.0
,1.0,,5,5.0,Кишинёв мун.,Кишинёв,Рышкановка,str. Florilor 16/1,34,1911.764705882353,1.0,0,0,0,0,0,0,0,0,0,0,0,0,0,0,0,0,47.049,28.863,0.0
4.0,1.0,1,10,6.0,Кишинёв мун.,Кишинёв,Чокана,ул. Игорь Виеру 19/1,14,2350.0,0.6,0,0,0,0,0,0,0,0,0,0,0,0,0,0,0,0,47.036,28.889,0.0
4.0,1.0,1,3,3.0,Кишинёв мун.,Кишинёв,Ботаника,ул. Четатя Албэ 20,15,2533.3333333333335,1.0,0,0,0,0,0,0,0,0,0,0,0,0,0,0,0,0,46.988,28.854,0.0
0.0,2.0,1,9,8.0,Кишинёв мун.,Кишинёв,Телецентр,ш. Хынчешть 142,53,1424.5283018867924,0.8888888888888888,1,1,0,0,0,0,0,0,0,1,0,0,0,0,0,0,47.003,28.817,0.0
4.0,3.0,4 и более,16,16.0,Кишинёв мун.,Кишинёв,Ботаника,ул. Буребиста 114/2,435,1011.4942528735633,1.0,1,1,0,0,0,0,0,0,0,1,0,0,0,0,0,1,46.988,28.854,0.0
,1.0,1,6,2.0,Кишинёв мун.,Кишинёв,Ботаника,ул. Константин Брынкушь 148,35,1657.142857142857,0.3333333333333333,0,0,0,0,0,0,0,0,0,0,0,0,0,0,0,0,46.988,28.854,0.0
4.0,2.0,1,11,11.0,Кишинёв мун.,Кишинёв,Телецентр,ш. Хынчешть 55/5,95,1778.9473684210527,1.0,1,1,0,0,0,0,0,0,0,1,0,0,0,0,0,0,47.003,28.817,0.0
4.0,2.0,1,10,10.0,Кишинёв мун.,Кишинёв,Центр,str. Alexandru cel Bun 108,83,2650.602409638554,1.0,1,0,0,0,0,0,0,0,0,1,0,0,0,0,0,0,47.0293865,28.8346001,630.541960989176
2.0,2.0,3,11,9.0,Кишинёв мун.,Кишинёв,Центр,str. Alexandru cel Bun 108,105,2142.8571428571427,0.8181818181818182,1,1,0,0,0,0,0,0,0,1,0,0,0,0,0,0,47.0293865,28.8346001,630.541960989176
4.0,4.0,2,18,16.0,Кишинёв мун.,Кишинёв,Ботаника,пр-т Дачия 46,110,1235.4545454545455,0.8888888888888888,1,0,0,0,1,0,0,0,0,1,0,0,0,0,0,0,46.988,28.854,0.0
4.0,2.0,1,10,6.0,Кишинёв мун.,Кишинёв,Телецентр,str. Sprîncenoaia 3/K,65,2307.6923076923076,0.6,0,1,0,0,0,0,0,0,0,1,0,0,0,0,0,0,47.003,28.817,0.0
4.0,2.0,1,10,5.0,Кишинёв мун.,Кишинёв,Ботаника,bd. Decebal 99/C,60,2750.0,0.5,1,0,0,0,0,0,0,0,0,1,0,0,0,0,0,0,46.988,28.854,0.0
,3.0,2,10,9.0,Кишинёв мун.,Дурлешты,Центр,str. Nicolae Dimo 24/B,100,1003.0,0.9,1,0,0,0,0,0,0,0,0,1,0,1,0,0,0,0,47.0132735,28.7519437,1052.6334894108904
4.0,2.0,2,14,9.0,Кишинёв мун.,Кишинёв,Ботаника,bd. Decebal 6/4,84,2975.0,0.6428571428571429,1,1,0,0,0,0,0,0,0,1,0,0,0,0,0,0,46.988,28.854,0.0
4.0,1.0,1,10,1.0,Кишинёв мун.,Кишинёв,Ботаника,ул. Гренобле 120/4,45,2264.4444444444443,0.1,1,1,0,0,0,0,0,0,0,1,0,0,0,0,0,0,46.988,28.854,0.0
0.0,1.0,1,12,9.0,Кишинёв мун.,Кишинёв,Буюканы,ул. Каля Ешилор 6,56,2230.3571428571427,0.75,1,1,0,0,0,0,0,0,0,1,0,0,0,0,0,0,47.0433126,28.7934948,865.300793569499
4.0,3.0,1,12,10.0,Кишинёв мун.,Кишинёв,Ботаника,str. Tudor Strișcă 8/1,95,2210.5263157894738,0.8333333333333334,1,1,0,0,0,0,0,0,0,1,0,0,0,0,0,0,46.988,28.854,0.0
4.0,2.0,1,4,3.0,Кишинёв мун.,Кишинёв,Ботаника,str. Minsk 26/2,45,2064.4444444444443,0.75,1,1,0,0,0,0,0,0,0,0,0,0,0,0,0,0,46.9987027,28.8609258,1300.855652014226
4.0,3.0,1,4,2.0,Кишинёв мун.,Кишинёв,Буюканы,str. Vasile Lupu 31,54,1924.0740740740741,0.5,1,1,0,0,0,0,0,0,0,0,0,0,0,0,0,0,47.039,28.803,0.0
4.0,2.0,1,14,9.0,Кишинёв мун.,Кишинёв,Буюканы,ул. Каля Ешилор 6,75,2598.6666666666665,0.6428571428571429,1,1,0,0,0,0,0,0,0,1,0,0,0,0,0,0,47.0433126,28.7934948,865.300793569499
4.0,3.0,1,2,2.0,Кишинёв мун.,Кишинёв,Центр,str. Columna 180,160,931.25,1.0,1,1,0,0,0,0,0,0,0,0,0,0,0,0,0,0,47.024,28.832,0.0
4.0,1.0,1,9,6.0,Кишинёв мун.,Кишинёв,Ботаника,str. Burebista 25,43,2441.860465116279,0.6666666666666666,1,1,0,0,0,0,0,0,0,1,0,0,0,0,0,0,47.0310499,28.7697398,7983.128448161052
0.0,2.0,2,15,8.0,Кишинёв мун.,Кишинёв,Телецентр,ул. Пьетрарилор 10/5,83,1626.5060240963855,0.5333333333333333,1,1,0,0,0,0,0,0,0,1,0,0,0,0,0,0,47.003,28.817,0.0
4.0,2.0,1,10,9.0,Кишинёв мун.,Кишинёв,Центр,ул. Валя Трандафирилор 20,90,2055.5555555555557,0.9,1,1,0,0,0,0,0,0,0,1,0,0,0,0,0,0,47.024,28.832,0.0
0.0,1.0,2,9,7.0,Кишинёв мун.,Кишинёв,Буюканы,ул. Ион Буздуган 11,50,1838.0,0.7777777777777778,1,1,0,0,0,0,0,0,0,1,0,0,0,0,0,1,47.0378784,28.7635064,2995.4295954639597
0.0,2.0,2,14,5.0,Кишинёв мун.,Кишинёв,Буюканы,ул. Василе Лупу 28,75,1940.0,0.35714285714285715,1,1,0,0,0,0,0,0,0,1,0,0,0,0,0,1,47.0221197,28.8008688,1883.9410283209686
4.0,2.0,2,10,6.0,Кишинёв мун.,Кишинёв,Старая Почта,str. Gheorghe Madan 85/6,53,2356.603773584906,0.6,1,0,0,0,0,0,0,0,0,1,0,0,0,0,0,0,47.0591667,28.8408266,2645.9597796673183
4.0,1.0,1,10,2.0,Кишинёв мун.,Дурлешты,Центр,Картуша 97/3,50,1758.0,0.2,1,1,0,0,0,0,0,0,0,1,0,0,0,0,0,0,47.019,28.763,0.0
4.0,2.0,2,16,5.0,Кишинёв мун.,Кишинёв,Центр,ул. Лев Толстой 63/1,82,2664.6341463414633,0.3125,0,1,0,0,0,0,0,0,0,1,0,0,0,0,0,0,47.024,28.832,0.0
4.0,2.0,1,8,2.0,Кишинёв мун.,Кишинёв,Буюканы,str. Grigore Alexandrescu 6,84,2260.714285714286,0.25,0,0,0,0,0,0,0,0,0,1,0,0,0,0,0,0,47.039,28.803,0.0
4.0,2.0,2,11,10.0,Кишинёв мун.,Кишинёв,Чокана,str. Ginta Latina 12/7,93,1912.9032258064517,0.9090909090909091,1,1,0,0,0,0,0,0,0,1,0,0,0,0,0,0,47.036,28.889,0.0
0.0,2.0,2,5,2.0,Кишинёв мун.,Кишинёв,Центр,ул. Лакулуй 35,90,2722.222222222222,0.4,1,1,0,0,0,0,0,0,0,1,0,0,0,0,0,0,47.024,28.832,0.0
4.0,2.0,1,5,5.0,Кишинёв мун.,Кишинёв,Ботаника,ул. Христо Ботев 21,47,1912.7659574468084,1.0,1,1,0,0,0,0,0,0,0,0,0,0,0,0,0,0,46.988,28.854,0.0
4.0,2.0,2,17,14.0,Кишинёв мун.,Кишинёв,Рышкановка,str. Bogdan Voievod 1,93,3010.7526881720432,0.8235294117647058,1,1,0,0,0,0,0,0,0,1,0,0,0,0,0,0,47.0431985,28.8572878,776.8362729842231
0.0,2.0,1,6,2.0,Кишинёв мун.,Криково,Центр,str. Chişinău 68,64,1201.875,0.3333333333333333,0,1,0,1,0,0,0,0,0,1,0,1,0,0,0,1,,,
0.0,1.0,1,7,4.0,Кишинёв мун.,Дурлешты,Центр,str. Mihai Viteazul .,50,1600.0,0.5714285714285714,0,1,0,0,0,0,0,0,0,1,0,0,0,0,0,0,47.019,28.763,0.0
4.0,3.0,2,19,6.0,Кишинёв мун.,Кишинёв,Чокана,str. Mihail Sadoveanu .,66,2724.242424242424,0.3157894736842105,1,1,0,0,0,0,0,0,0,1,0,0,0,0,0,0,47.036,28.889,0.0
2.0,2.0,2,21,20.0,Кишинёв мун.,Кишинёв,Ботаника,bd. Dacia 29,43,1395.3488372093022,0.9523809523809523,1,0,0,0,0,0,0,1,0,0,0,0,1,0,0,0,46.988,28.854,0.0
0.0,2.0,1,7,3.0,Кишинёв мун.,Кишинёв,Центр,str. Moara Roșie 5,80,3000.0,0.42857142857142855,1,1,0,0,0,0,0,0,0,1,0,0,0,0,0,1,47.034466,28.8381671,1254.1280969807476
0.0,2.0,1,10,5.0,Кишинёв мун.,Кишинёв,Центр,ул. Текуч 3/1,64,1607.8125,0.5,1,0,0,0,0,0,0,0,0,1,0,0,0,0,0,0,47.024,28.832,0.0
4.0,2.0,1,5,4.0,Кишинёв мун.,Кишинёв,Буюканы,ул. Сучава 110,72,1763.888888888889,0.8,1,1,0,0,0,0,0,0,0,0,0,0,0,0,0,0,47.039,28.803,0.0
4.0,2.0,2,10,2.0,Кишинёв мун.,Кишинёв,Ботаника,ул. Ашхабад 127/6,78,2243.5897435897436,0.2,1,1,0,0,0,0,0,0,0,1,0,0,0,0,0,0,46.988,28.854,0.0
2.0,3.0,1,5,4.0,Кишинёв мун.,Кишинёв,Чокана,ул. Волунтарилор 4,59,1262.7118644067796,0.8,1,0,0,0,0,0,0,0,0,0,0,0,0,0,0,0,47.036,28.889,0.0
2.0,2.0,1,4,2.0,Кишинёв мун.,Кишинёв,Центр,бул. Юрий Гагарин 5,63,1712.6984126984128,0.5,0,1,0,0,0,0,0,0,0,0,0,0,0,0,0,0,47.024,28.832,0.0
4.0,3.0,1,5,4.0,Кишинёв мун.,Кишинёв,Ботаника,ул. Николае Титулеску 28,60,1865.0,0.8,1,0,0,1,0,0,0,0,0,0,0,0,0,0,0,0,46.988,28.854,0.0
3.0,3.0,2,10,8.0,Кишинёв мун.,Кишинёв,Рышкановка,str. Nadejda Russo 14,185,2648.6486486486488,0.8,1,1,1,0,0,0,0,0,0,1,0,0,0,0,0,1,47.049,28.863,0.0
0.0,2.0,1,6,6.0,Кишинёв мун.,Дурлешты,Центр,str. Durlești 8,56,1454.142857142857,1.0,1,1,0,0,0,0,0,0,1,1,0,1,0,1,0,0,47.0446369,28.7457465,3136.297581269001
4.0,2.0,,14,2.0,Кишинёв мун.,Кишинёв,Старая Почта,str. Iazului 38,58,2399.9827586206898,0.14285714285714285,0,1,0,0,0,0,0,0,0,1,0,0,1,0,0,0,47.0624684,28.844226,2900.10828889157
,3.0,1,13,,Кишинёв мун.,Кишинёв,Буюканы,ул. Каля Ешилор 6,85,2458.823529411765,,1,1,0,0,0,0,0,0,0,1,0,0,0,0,0,0,47.0433126,28.7934948,865.300793569499
4.0,2.0,1,5,5.0,Кишинёв мун.,Кишинёв,Рышкановка,ул. Николай Димо 13/4,42,1952.3809523809523,1.0,0,0,0,1,0,0,0,0,0,0,0,0,0,0,0,0,47.049,28.863,0.0
4.0,3.0,2,11,10.0,Кишинёв мун.,Кишинёв,Ботаника,ул. Гренобле 128/1,130,1476.923076923077,0.9090909090909091,1,1,0,0,0,0,0,0,0,1,0,0,0,0,0,0,46.988,28.854,0.0
4.0,2.0,1,16,2.0,Кишинёв мун.,Кишинёв,Ботаника,bd. Traian 23/1,60,1581.6666666666667,0.125,1,0,0,0,0,0,0,0,0,0,0,0,0,0,0,0,46.988,28.854,0.0
4.0,2.0,2,16,5.0,Кишинёв мун.,Кишинёв,Центр,ул. Измаил 92/1,62,1450.0,0.3125,1,0,0,0,1,0,0,0,0,0,0,0,0,0,0,0,47.024,28.832,0.0
4.0,1.0,1,9,6.0,Кишинёв мун.,Кишинёв,Буюканы,ул. Николае Костин 44/7,45,2220.0,0.6666666666666666,1,0,1,0,0,0,0,0,0,1,0,0,0,0,0,0,47.039,28.803,0.0
0.0,3.0,2,10,1.0,Кишинёв мун.,Кишинёв,Буюканы,str. Ion Buzdugan 13,87,1378.16091954023,0.1,1,1,0,0,0,0,0,0,0,1,0,0,0,0,0,0,47.0386476,28.7597872,3274.88463606935
4.0,1.0,1,12,4.0,Кишинёв мун.,Кишинёв,Чокана,bd. Mircea cel Bătrân 41/F,45,2708.8888888888887,0.3333333333333333,1,1,0,0,0,0,0,0,0,1,0,0,0,0,0,0,47.036,28.889,0.0
0.0,2.0,2,5,5.0,Кишинёв мун.,Ставчены,Центр,Grăiești  10,70,1569.0428571428572,1.0,1,1,0,0,0,0,0,0,1,1,0,1,0,1,0,0,47.096,28.867,0.0
4.0,2.0,1,11,10.0,Кишинёв мун.,Кишинёв,Ботаника,str. Jubiliară 40,67,2147.7611940298507,0.9090909090909091,1,1,0,0,0,0,0,0,0,1,0,0,0,0,0,0,46.988,28.854,0.0
0.0,2.0,2,10,8.0,Кишинёв мун.,Кишинёв,Чокана,str. Nicolae Milescu Spatarul 57,71,1753.5211267605634,0.8,1,1,0,0,0,0,0,0,0,1,0,0,0,0,0,1,47.061931,28.8971101,2948.1410951016405
4.0,2.0,1,5,2.0,Кишинёв мун.,Кишинёв,Ботаника,str. Muncesti 806,45,1775.5555555555557,0.4,1,0,0,0,0,0,0,0,0,0,0,0,0,0,0,0,46.988,28.854,0.0
4.0,1.0,1,7,1.0,Кишинёв мун.,Дурлешты,Центр,Regina Elizaveta 2,44,2204.5454545454545,0.14285714285714285,1,1,0,0,0,0,0,0,0,1,0,0,0,0,0,0,47.019,28.763,0.0
2.0,2.0,1,12,10.0,Кишинёв мун.,Кишинёв,Центр,ул. Лев Толстой 74,70,2284.285714285714,0.8333333333333334,1,1,0,0,0,0,0,0,0,1,0,0,0,0,0,0,47.024,28.832,0.0
4.0,3.0,2,12,2.0,Кишинёв мун.,Кишинёв,Буюканы,str. Vasile Lupu 28a,87,2701.1494252873563,0.16666666666666666,1,1,0,0,0,0,0,0,0,1,0,0,0,0,0,0,47.039,28.803,0.0
4.0,2.0,1,17,8.0,Кишинёв мун.,Кишинёв,Телецентр,str. Constantin Vârnav 32/A,72,2359.722222222222,0.47058823529411764,1,1,0,0,0,0,0,0,0,1,0,0,0,0,0,1,47.003,28.817,0.0
0.0,2.0,1,13,6.0,Кишинёв мун.,Кишинёв,Буюканы,ул. Каля Ешилор 6,80,2312.5,0.46153846153846156,0,1,0,0,0,0,0,0,0,1,0,0,0,0,0,1,47.0433126,28.7934948,865.300793569499
4.0,2.0,1,8,6.0,Кишинёв мун.,Кишинёв,Центр,ул. Пан Халиппа 6/D,72,2847.222222222222,0.75,1,1,0,0,0,0,0,0,0,1,0,0,0,0,0,1,47.024,28.832,0.0
4.0,3.0,1,14,9.0,Кишинёв мун.,Кишинёв,Телецентр,ул. Николае Тестемицану 19,76,3222.3684210526317,0.6428571428571429,1,1,0,0,0,0,0,0,1,1,0,0,0,0,0,1,46.9969768,28.8373602,1683.0135360399859
4.0,2.0,2,7,4.0,Кишинёв мун.,Кишинёв,Центр,str. Moara Rosie 5/A,84,3678.5714285714284,0.5714285714285714,0,1,0,0,0,0,0,0,0,1,0,0,0,0,0,1,47.024,28.832,0.0
2.0,3.0,2,9,3.0,Кишинёв мун.,Кишинёв,Центр,bd. Ştefan cel Mare şi Sfânt 6,72,1416.6666666666667,0.3333333333333333,1,0,0,0,0,0,1,0,0,0,0,0,1,0,0,0,47.024,28.832,0.0
4.0,1.0,1,4,1.0,Кишинёв мун.,Кишинёв,Рышкановка,Tudor Vladimirescu  .,30,2196.6666666666665,0.25,0,0,0,0,0,0,0,0,0,0,0,0,0,0,0,0,47.049,28.863,0.0
2.0,1.0,2,21,20.0,Кишинёв мун.,Кишинёв,Ботаника,bd. Dacia 29,43,1395.3488372093022,0.9523809523809523,1,0,0,0,0,0,0,1,0,0,0,0,0,0,0,0,46.988,28.854,0.0
4.0,1.0,,5,2.0,Кишинёв мун.,Кишинёв,Центр,str. Alexandr Pușkin 53,28,1964.2857142857142,0.4,0,0,0,0,0,0,0,0,0,0,0,0,0,0,0,0,47.024,28.832,0.0
,3.0,2,9,3.0,Кишинёв мун.,Кишинёв,Центр,bd. Ştefan cel Mare şi Sfânt 6,72,1416.6666666666667,0.3333333333333333,1,0,0,0,0,0,1,0,0,0,0,0,0,0,0,0,47.024,28.832,0.0
4.0,3.0,1,5,3.0,Кишинёв мун.,Кишинёв,Рышкановка,ул. Тудор Владимиреску 8,55,1689.090909090909,0.6,1,1,0,0,0,0,0,0,0,0,0,0,0,0,0,0,47.049,28.863,0.0
4.0,1.0,1,10,9.0,Кишинёв мун.,Кишинёв,Ботаника,ул. Буребиста 36/2,23,1821.7391304347825,0.9,0,0,0,0,0,0,0,0,0,0,0,0,0,0,0,0,46.988,28.854,0.0
4.0,,1,5,3.0,Кишинёв мун.,Кишинёв,Чокана,ул. Мария Дрэган 20/2,23,1691.304347826087,0.6,0,0,0,0,0,0,0,0,0,0,0,0,0,0,0,0,47.036,28.889,0.0
4.0,2.0,1,14,2.0,Кишинёв мун.,Кишинёв,Буюканы,ул. Василе Лупу 28a,70,2928.5714285714284,0.14285714285714285,0,1,0,0,0,0,0,0,0,1,0,0,0,0,0,0,47.0225368,28.7991623,1853.587577791754
4.0,1.0,1,10,5.0,Кишинёв мун.,Кишинёв,Ботаника,str. Bacioii Noi 14D,30,2330.0,0.5,1,1,0,0,0,0,0,0,0,1,0,0,0,0,0,0,46.988,28.854,0.0
4.0,1.0,1,14,11.0,Кишинёв мун.,Кишинёв,Буюканы,ул. Василе Лупу 28,50,2940.0,0.7857142857142857,1,1,0,0,0,0,0,0,0,1,0,0,0,0,0,0,47.0221197,28.8008688,1883.9410283209686
2.0,2.0,2,9,4.0,Кишинёв мун.,Кишинёв,Центр,ул. Кахул 8,55,1909.090909090909,0.4444444444444444,1,1,0,0,0,0,0,0,0,0,0,0,0,0,0,0,47.024,28.832,0.0
4.0,2.0,1,11,11.0,Кишинёв мун.,Кишинёв,Чокана,пр-т Мирча чел Бэтрын 43/B,73,2286.301369863014,1.0,0,1,0,0,0,0,0,0,0,1,0,0,0,0,0,1,47.036,28.889,0.0
4.0,1.0,1,12,6.0,Кишинёв мун.,Кишинёв,Буюканы,ул. Ион Буздуган 3,50,2498.0,0.5,1,1,0,0,0,0,0,0,0,1,0,0,0,0,0,1,47.039,28.803,0.0
4.0,3.0,2,14,1.0,Кишинёв мун.,Кишинёв,Чокана,пр-т Мирча чел Бэтрын 41/A,91,2582.4175824175823,0.07142857142857142,1,1,0,0,0,0,0,0,0,1,0,0,0,0,0,1,47.036,28.889,0.0
4.0,2.0,1,22,17.0,Кишинёв мун.,Кишинёв,Чокана,пр-т Мирча чел Бэтрын 15,70,2385.714285714286,0.7727272727272727,1,1,0,0,0,0,0,0,0,1,0,0,0,0,0,0,47.036,28.889,0.0
4.0,2.0,1,5,4.0,Кишинёв мун.,Кишинёв,Телецентр,ул. Миорица 10,42,2140.4761904761904,0.8,1,1,0,0,0,0,0,0,0,0,0,0,0,0,0,0,47.003,28.817,0.0
4.0,3.0,2,11,1.0,Кишинёв мун.,Кишинёв,Рышкановка,ул. Ион Буздуган 11,86,2151.1627906976746,0.09090909090909091,0,1,0,0,0,0,0,0,0,1,0,0,0,0,0,0,47.0378784,28.7635064,7639.692230549956
4.0,2.0,1,14,11.0,Кишинёв мун.,Кишинёв,Буюканы,ул. Василе Лупу 28a,70,2927.1428571428573,0.7857142857142857,1,1,0,0,0,0,0,0,0,1,0,0,0,0,0,0,47.0225368,28.7991623,1853.587577791754
2.0,1.0,1,5,1.0,Кишинёв мун.,Кишинёв,Центр,ул. 31 Августа 1989 105,41,2878.048780487805,0.2,0,0,0,0,0,0,0,0,0,0,0,0,0,0,0,0,47.024,28.832,0.0
4.0,1.0,1,20,10.0,Кишинёв мун.,Кишинёв,Чокана,bd. Mircea cel Batran 15,48,2812.5,0.5,1,1,0,0,0,0,0,0,0,1,0,0,0,0,0,0,47.036,28.889,0.0
4.0,3.0,2,10,1.0,Кишинёв мун.,Кишинёв,Буюканы,ул. Ион Буздуган 11,86,2151.1627906976746,0.1,1,1,0,0,0,0,0,0,0,1,0,0,0,0,0,1,47.0378784,28.7635064,2995.4295954639597
4.0,2.0,1,16,12.0,Кишинёв мун.,Кишинёв,Ботаника,str. Grădina Botanică 20/1,71,2098.5915492957747,0.75,1,1,0,0,0,0,0,0,0,1,0,0,0,0,0,0,46.9774423,28.8763938,2064.9536011135656
0.0,2.0,1,8,4.0,Кишинёв мун.,Кишинёв,Центр,str. Serghei Lazo 46,89,3202.247191011236,0.5,1,1,0,0,0,0,0,0,0,1,0,0,0,0,0,0,47.0304957,28.8270196,814.9868309911559
4.0,1.0,1,10,4.0,Кишинёв мун.,Кишинёв,Рышкановка,str. Cornesti 17,40,2845.0,0.4,0,0,0,0,0,0,0,0,0,1,0,0,0,0,0,0,47.049,28.863,0.0
4.0,2.0,1,14,14.0,Кишинёв мун.,Кишинёв,Ботаника,ул. Николай Зелински 15/3,80,1862.5,1.0,1,1,0,0,0,0,0,0,0,1,0,0,0,0,0,0,46.988,28.854,0.0
4.0,2.0,1,3,3.0,Кишинёв мун.,Кишинёв,Центр,str. Ivan Zaikin 51,63,2682.5396825396824,1.0,1,1,0,0,0,1,0,0,0,1,0,0,1,0,0,0,47.0368053,28.832879,1425.4420719325708
4.0,1.0,1,5,1.0,Кишинёв мун.,Кишинёв,Ботаника,str. Nicolae Titulescu 32,30,2116.6666666666665,0.2,0,0,0,0,0,0,0,0,0,0,0,0,0,0,0,0,46.988,28.854,0.0
,4.0,2,9,5.0,Кишинёв мун.,Кишинёв,Центр,ул. Албишоара 76/7,91,1262.6373626373627,0.5555555555555556,1,0,0,0,0,0,0,0,0,0,0,0,0,0,0,0,47.024,28.832,0.0
,1.0,1,5,3.0,Кишинёв мун.,Кишинёв,Рышкановка,Alecu Russo 3/2,31,2193.548387096774,0.6,1,0,0,0,0,0,0,0,0,0,0,0,0,0,0,0,47.049,28.863,0.0
4.0,2.0,1,4,3.0,Кишинёв мун.,Кишинёв,Ботаника,Str. Minsk 26/2,45,2064.4444444444443,0.75,1,0,0,0,0,0,0,0,0,1,0,0,0,0,0,0,46.988,28.854,0.0
0.0,3.0,,9,7.0,Кишинёв мун.,Дурлешты,Центр,str. Cartușa 95/2,73,1246.5753424657535,0.7777777777777778,0,0,0,0,0,0,0,0,0,1,0,0,0,0,0,0,47.019,28.763,0.0
0.0,2.0,1,9,2.0,Кишинёв мун.,Кишинёв,Буюканы,Str. Ioana Radu 27,70,1812.857142857143,0.2222222222222222,0,0,0,0,0,0,0,0,0,1,0,0,0,0,0,0,47.039,28.803,0.0
,2.0,,16,5.0,Кишинёв мун.,Кишинёв,Буюканы,Piața Unirii Principatelor 3,37,2216.2162162162163,0.3125,0,0,0,0,0,0,0,0,0,0,0,0,0,0,0,0,47.039,28.803,0.0
2.0,3.0,2,9,7.0,Кишинёв мун.,Кишинёв,Рышкановка,str. Andrei Doga 30,79,1302.5316455696202,0.7777777777777778,1,0,0,0,0,0,0,1,0,0,0,0,1,0,0,0,47.049,28.863,0.0
0.0,2.0,,9,4.0,Кишинёв мун.,Кишинёв,Чокана,str. Bucovinei 5/63,72,1480.0,0.4444444444444444,0,1,0,0,0,0,0,0,0,1,0,1,0,0,0,1,47.036,28.889,0.0
4.0,1.0,,10,7.0,Кишинёв мун.,Кишинёв,Буюканы,str. Liviu Deleanu 3/2,36,2136.1111111111113,0.7,0,0,0,0,0,1,0,0,0,0,0,1,0,0,0,0,47.039,28.803,0.0
,1.0,1,5,5.0,Кишинёв мун.,Кишинёв,Рышкановка,str. Matei Basarab 10,31,1935.483870967742,1.0,1,0,0,0,0,0,0,0,0,0,0,0,1,0,0,0,47.049,28.863,0.0
0.0,3.0,2,5,5.0,Кишинёв мун.,Кишинёв,Ботаника,пр. Дачия 56,93,1822.5806451612902,1.0,1,1,0,0,0,0,0,0,0,1,0,0,0,0,0,1,46.988,28.854,0.0
4.0,1.0,1,9,1.0,Кишинёв мун.,Кишинёв,Буюканы,str. Liviu Deleanu 5/6,54,1935.1851851851852,0.1111111111111111,0,1,0,1,0,0,0,0,0,1,0,0,1,0,0,0,47.0433159,28.7686984,2643.180918316387
0.0,1.0,1,9,4.0,Кишинёв мун.,Кишинёв,Телецентр,șos. Hâncești 142,43,1350.0,0.4444444444444444,1,1,1,0,0,0,0,0,0,1,0,0,0,0,0,1,46.9930088,28.785891,2607.72497798578
1.0,2.0,2,5,1.0,Кишинёв мун.,Кишинёв,Рышкановка,str. Florilor 18/2,56,1428.5714285714287,0.2,1,0,0,1,0,0,0,0,0,0,0,0,0,0,0,0,47.049,28.863,0.0
,2.0,1,5,5.0,Кишинёв мун.,Кишинёв,Ботаника,str. Teilor 9/3,48,1706.25,1.0,1,0,0,0,0,0,0,1,0,0,0,0,1,0,0,0,46.988,28.854,0.0
4.0,2.0,1,8,4.0,Кишинёв мун.,Кишинёв,Центр,str. Mihai Eminescu 76,63,3888.8888888888887,0.5,0,1,0,0,0,0,0,0,0,1,0,1,0,0,0,1,47.024,28.832,0.0
3.0,2.0,1,4,2.0,Кишинёв мун.,Кишинёв,Ботаника,str. Minsk 28,47,2210.6382978723404,0.5,1,0,0,1,0,0,0,0,0,0,0,0,1,0,0,0,46.988,28.854,0.0
0.0,2.0,1,16,5.0,Кишинёв мун.,Ставчены,Центр,str. Constantin Stamati 2/1,63,1411.111111111111,0.3125,1,1,0,0,0,0,0,0,0,1,0,0,0,0,0,0,47.096,28.867,0.0
0.0,1.0,1,16,5.0,Кишинёв мун.,Ставчены,Центр,str. Constantin Stamati 2/1,44,1411.8181818181818,0.3125,1,1,0,0,0,0,0,0,0,1,0,0,0,0,0,0,47.096,28.867,0.0
4.0,1.0,,16,13.0,Кишинёв мун.,Ставчены,Центр,str. Constantin Stamati 2/1,44,1634.090909090909,0.8125,1,0,0,0,0,0,0,0,1,1,0,0,0,0,0,0,47.096,28.867,0.0
4.0,1.0,1,16,15.0,Кишинёв мун.,Ставчены,Центр,str. Constantin Stamati 2/1,45,1775.5555555555557,0.9375,1,0,0,0,0,0,0,0,1,1,0,0,0,0,0,0,47.096,28.867,0.0
4.0,1.0,1,5,5.0,Кишинёв мун.,Кишинёв,Рышкановка,str. Miron Costin 22,33,2303.030303030303,1.0,1,0,0,1,0,0,0,0,0,0,0,0,0,0,0,0,47.049,28.863,0.0
4.0,2.0,2,7,7.0,Кишинёв мун.,Кишинёв,Центр,str. Moara Roșie 20,85,3000.0,1.0,1,1,0,0,0,0,0,0,0,0,0,0,0,0,0,0,47.024,28.832,0.0
,2.0,,17,16.0,Кишинёв мун.,Кишинёв,Рышкановка,str. Bogdan Voievod 1/D,66,2712.121212121212,0.9411764705882353,0,0,0,0,0,0,0,0,0,1,0,0,0,0,0,0,47.049,28.863,0.0
4.0,3.0,1,2,2.0,Кишинёв мун.,Кишинёв,Рышкановка,str. Postei  92,90,921.1111111111111,1.0,1,0,0,0,0,0,0,0,0,0,0,0,0,0,0,0,47.049,28.863,0.0
0.0,2.0,1,6,4.0,Кишинёв мун.,Кишинёв,Буюканы,Durlesti -,67,1504.4776119402984,0.6666666666666666,1,0,0,0,0,0,0,0,0,1,0,0,0,0,0,0,47.039,28.803,0.0
,3.0,,1,1.0,Кишинёв мун.,Кишинёв,Центр,str. Vasile Alecsandri 85,72,2083.3333333333335,1.0,0,1,0,0,0,0,0,0,0,0,0,0,0,0,0,0,47.024,28.832,0.0
,2.0,,9,4.0,Кишинёв мун.,Кишинёв,Телецентр,sos. Hincesti 142,73,1232.876712328767,0.4444444444444444,0,0,0,0,0,0,0,0,0,1,0,0,0,0,0,0,46.9980787,28.8078475,883.848218632378
0.0,1.0,1,11,2.0,Кишинёв мун.,Дурлешты,Центр,str. Regina Elisabeta *,43,1100.0,0.18181818181818182,1,1,0,0,0,0,0,0,0,1,0,1,0,0,0,1,47.0054813,28.7621415,1504.619380734278
4.0,1.0,,10,10.0,Кишинёв мун.,Кишинёв,Телецентр,șos Hâncesti -142/B,40,1997.5,1.0,1,0,0,0,0,0,0,0,0,1,0,0,0,0,0,0,47.003,28.817,0.0
,2.0,,5,1.0,Кишинёв мун.,Кишинёв,Ботаника,str. Independenței 7,51,1645.0980392156862,0.2,0,0,0,0,0,0,0,0,0,0,0,0,0,0,0,0,46.988,28.854,0.0
,3.0,,10,10.0,Кишинёв мун.,Кишинёв,Центр,str. Valea Trandafirilor 16,175,1828.5714285714287,1.0,0,0,0,0,0,0,0,0,0,1,0,0,0,0,0,0,47.024,28.832,0.0
,1.0,,5,4.0,Кишинёв мун.,Кишинёв,Ботаника,str. Independenței 9/1,32,2390.625,0.8,0,0,0,0,0,0,0,0,0,0,0,0,0,0,0,0,46.9797509,28.8544284,917.8335621013538
4.0,2.0,1,10,9.0,Кишинёв мун.,Кишинёв,Центр,str. Albișoara 72/5,52,2498.846153846154,0.9,1,1,1,0,0,0,0,0,0,1,0,0,1,0,0,0,47.024,28.832,0.0
4.0,1.0,1,17,15.0,Кишинёв мун.,Кишинёв,Ботаника,str. Tudor Strișcă 19/4,52,2750.0,0.8823529411764706,1,0,0,0,0,0,0,0,0,1,0,0,0,0,0,0,46.988,28.854,0.0
4.0,2.0,,9,5.0,Кишинёв мун.,Кишинёв,Ботаника,bd. Decebal 99,65,3009.230769230769,0.5555555555555556,0,0,0,0,0,0,0,0,0,1,0,1,0,0,0,0,46.988,28.854,0.0
4.0,2.0,,10,5.0,Кишинёв мун.,Кишинёв,Телецентр,str. Sprîncenoaia 3/K,65,2307.6923076923076,0.5,0,0,0,0,0,0,0,0,0,1,0,0,0,0,0,0,47.003,28.817,0.0
4.0,2.0,1,10,10.0,Кишинёв мун.,Кишинёв,Буюканы,str. Ioana Radu ---,113,2504.424778761062,1.0,1,0,0,0,0,0,0,0,0,1,0,0,0,0,0,1,47.039,28.803,0.0
4.0,1.0,1,10,9.0,Кишинёв мун.,Кишинёв,Телецентр,str. Miorița 3/2,34,1882.3529411764705,0.9,0,0,0,0,0,0,0,1,0,0,0,0,1,0,0,0,47.003,28.817,0.0
1.0,3.0,1,5,3.0,Кишинёв мун.,Кишинёв,Центр,bd. Iuri Gagarin /,55,1574.5454545454545,0.6,1,0,0,1,0,0,0,0,0,0,0,0,0,0,0,0,47.024,28.832,0.0
